Product Name,Price,Description,Image URL,Availability,Category,Store Name,Product Url
Royal Nuts,$7.99,No Description Available,https://media.sobeys.com/original/754000000025700000000038831471_VOILA_df05b1b8186857b578d07542efd742c5e25ea191.JPG,In-stock,Snacks & Candy,FreshCo,https://www.freshco.com/products/royal-nuts-gluten-free-mixed-nuts-cranberry-350-g
Glutino,$9.99,"Don't be surprised if you find yourself eating these twists by the handful. Their crispy, salty, baked taste is so satisfying it seems like a waste to eat them one by oneIt's unlikely you'll even notice they're gluten free. Always delicious and forever gluten free. Dairy Free, egg Free, soy Free, artificial colours or flavours, palm oil, or cholesterol, Non-GMO Project verified",https://media.sobeys.com/original/754000000025700000000045777756_VOILA_e63d8064403caab96ae1345c486b40085f3e152e.JPG,In-stock,Snacks & Candy,FreshCo,https://www.freshco.com/products/glutino-gluten-free-pretzel-sticks-400-g
Fritos,$4.69,"Fritos Hoops Bar-B-Q Flavour Corn Chips are an unmistakable Canadian favourite. Right out of the bag or eaten by the handful, the hearty texture of these Fritos Hoops corn chips combined with zesty barbecue flavour satisfies like no other! From small towns and family barbecues to parties in the big city, this classic snack has been satisfying fans for years.",https://media.sobeys.com/original/643479_EA_ml_primary_front_na_070723_VOILA_0c33b605520d0d4396636fc69da0e8a697a26650.JPG,In-stock,Snacks & Candy,FreshCo,https://www.freshco.com/products/fritos-hoops-corn-chips-bbq-340-g
Snack Pack,$2.49,"Snack Pack's Classic fruity flavors team up to satisfy your sweet tooth in our strawberry and orange gel pack. All of our Juicy Gels are gluten-free and Kosher, and made with No preservatives, 0 grams trans fat, No high-fructose corn syrup.",https://media.sobeys.com/original/525891_EA_ml_primary_front_na_073124_VOILA_c08142111d71177384a40c27e1464a5a6f4dd612.JPG,In-stock,Snacks & Candy,FreshCo,https://www.freshco.com/products/snack-pack-gluten-free-juicy-gels-strawberry-orange-4-x-99-g
MadeGood,$4.49,"MadeGood Strawberry Granola Minis give families a tasty and simple way to curb a craving while on the go.Granola Minis are the perfect bite size snack that contain pure gluten free oats, sweet ripened bananas, and ethically sourced dark chocolate for an irresistible, healthy, and delicious snack. These snacks are Non-GMO, certified organic, gluten free, vegan, and kosher to suit a range of lifestyles. Each bag of Minis is made in a peanut and tree nut free facility, creating a tasty snack that is safe for schools. Featuring the nutrients from six different vegetables (spinach, broccoli, carrots, tomatoes, beets, and shiitake mushrooms), each bag gives parents a snack they can feel great about feeding their kids. Portable and bite-sized snacking of the Granola Minis makes packing healthy options into lunch boxes, backpacks, and purses easier. MadeGood provides healthy snacks rich in antioxidants for a food everyone can feel good about.",https://media.sobeys.com/original/655263_EA_en_primary_front_na_041725_VOILA_00f721b006ebc2aba911dee66b823a7fcfc47ebe.JPG,In-stock,Snacks & Candy,FreshCo,https://www.freshco.com/products/madegood-organic-mini-granola-strawberry-5-x-24-g
Royal Nuts,$10.99,No Description Available,https://media.sobeys.com/original/754000000025700000000038815020_VOILA_effc17b3dd555abea408bc54a20f631c75208452.JPG,In-stock,Snacks & Candy,FreshCo,https://www.freshco.com/products/royal-nuts-gluten-free-cashews-dry-roasted-unsalted-350-g
Mary's Organic,$7.49,No Description Available,https://media.sobeys.com/original/754000000025700000000048883989_VOILA_0092e889277609b9f62a244a54a00e70bc9dc306.JPG,In-stock,Snacks & Candy,FreshCo,https://www.freshco.com/products/mary-s-organic-gluten-free-crackers-black-pepper-184-g
Kozy Shack,$3.99,Kozy Shack believes that simple ingredients make for better-tasting pudding and desserts. That is why their 45-year-old recipes use the same quality ingredients that you would use in your own kitchen. Simple ingredients. Delicious pudding.,https://media.sobeys.com/original/754000000025700000000002150233_VOILA_999204b1c009e65df1fd0940e7d47e93db54fd46.JPG,In-stock,Snacks & Candy,FreshCo,https://www.freshco.com/products/kozy-shack-simply-well-gluten-free-rice-pudding-4-x-113-g
Royal Nuts,$11.99,No Description Available,https://media.sobeys.com/original/754000000025700000000040139562_VOILA_8e0a22e6928e44d9e5f3102394a9cbd006eedbb5.JPG,In-stock,Snacks & Candy,FreshCo,https://www.freshco.com/products/royal-nuts-gluten-free-pecans-dry-roasted-unsalted-250-g
Snack Pack,$2.49,"The creamy classic just got sweeter, with 60% more fun in every creamy vanilla pudding pack. Vanilla Super Snack Pack is gluten-free and Kosher, and made with Real milk, No preservatives, 0 grams trans fat, No high-fructose corn syrup.",https://media.sobeys.com/original/24071_EA_ml_primary_front_NA_VOILA_7ff42511a25d7df2007e4cecf5f8b74a063d1bcd.JPG,In-stock,Snacks & Candy,FreshCo,https://www.freshco.com/products/snack-pack-gluten-free-pudding-vanilla-4-x-99-g
Dare,$3.49,"Enjoy the tender-crisp texture and wholesome taste of Breton with this Breton Gluten Free Original with Flax crackers. Certified gluten-free with the earthy flavour of flax seeds, these crackers are made with no artificial colours or flavours and 0g trans fat per serving. Theyâ€™re almost too good to be true. Almost. Snack on them on their own or with cheese, spreads, soups and more.",https://media.sobeys.com/original/363162_EA_en_primary_front_110923_VOILA_df07b34ef697c973eb24ececdc0de1d69f26f02b.JPG,In-stock,Snacks & Candy,FreshCo,https://www.freshco.com/products/dare-breton-gluten-free-crackers-original-with-flax-135-g
Pure Protein,$12.99,No Description Available,https://media.sobeys.com/original/329032_ea_en_primary_front_na_081023_VOILA_c396b6debc7fdf41ec2e2c69466030b9f9a7d143.JPG,In-stock,Snacks & Candy,FreshCo,https://www.freshco.com/products/pure-protein-bars-chewy-chocolate-chip-6-x-50-g
Kozy Shack,$3.99,No Description Available,https://media.sobeys.com/original/754000000025700000000007191316_VOILA_bdbe99d52c67c7122f1b850a463185a0b01659b9.JPG,In-stock,Snacks & Candy,FreshCo,https://www.freshco.com/products/kozy-shack-gluten-free-pudding-tapioca-original-624-g
Blueberries 170 g,$4.99,No Description Available,https://media.sobeys.com/original/033383222288_1_VOILA_07cdc5d61ad9e79edb0c59da48a08e78acadd587.JPG,In-stock,Fruits & Vegetables,FreshCo,https://www.freshco.com/products/blueberries-170-g
Blackberries 170 g,$3.79,No Description Available,https://media.sobeys.com/original/115208_EA_ml_primary_front_na_092525_VOILA_5732b32240715a74e24a2923dd6288df0afee92f.JPG,In-stock,Fruits & Vegetables,FreshCo,https://www.freshco.com/products/blackberries-170-g
Compliments,$4.99,No Description Available,https://media.sobeys.com/original/995401_EA_ml_primary_front_031323_VOILA_6ed541e49319f567fa19fbbb4be2a11a56e5ba97.JPG,In-stock,Fruits & Vegetables,FreshCo,https://www.freshco.com/products/compliments-lemons-bag-907-g
Hass Avocados 5 Count (Ripe in 3-5 days),$3.79,No Description Available,https://media.sobeys.com/original/884318000378_VOILA_990ac7fc78e679dc8544a1abdf003c78b7df6cc0.JPG,In-stock,Fruits & Vegetables,FreshCo,https://www.freshco.com/products/hass-avocados-5-count-(ripe-in-3-5-days)
Compliments,$4.99,No Description Available,https://media.sobeys.com/original/995408_EA_ml_primary_front_031323_VOILA_f3a4bef6c656c5884a7784dc395b075cac6c9157.JPG,In-stock,Fruits & Vegetables,FreshCo,https://www.freshco.com/products/compliments-oranges-1%252E36-kg
Golden Pineapple 1 Count,$3.99,No Description Available,https://media.sobeys.com/original/5050372116002_VOILA_b864fb6f845b3f3714e75c864cb6e73abd47c38e.JPG,In-stock,Fruits & Vegetables,FreshCo,https://www.freshco.com/products/golden-pineapple-1-count-
Fuji Apple Large,$4.39/kg,No Description Available,https://media.sobeys.com/original/457197_KG_ml_primary_front_013125_VOILA_4d18bac1451b14c5fb60d13407f89d6f23283768.JPG,In-stock,Fruits & Vegetables,FreshCo,https://www.freshco.com/products/fuji-apple-large
Flat Cabbage,$2.84/kg,No Description Available,https://media.sobeys.com/original/692324_KG_ml_primary_na_na_042325_GPHP_VOILA_34249a3cf7dc5e28fcc5aba23bdaba8b8f7cfbb6.JPG,In-stock,Fruits & Vegetables,FreshCo,https://www.freshco.com/products/flat-cabbage
Granny Smith Apple Large,$6.59/kg,No Description Available,https://media.sobeys.com/original/7838_KG_ml_primary_front_012825_VOILA_ccfec16750ce292c47d251e20a859d5c28e51dd7.JPG,In-stock,Fruits & Vegetables,FreshCo,https://www.freshco.com/products/granny-smith-apple-large
SweeTango Apple,$5.49,No Description Available,https://media.sobeys.com/original/259601_KG_ml_primary_front_012825_VOILA_2c46da65c24a8d97af52ec25f300ec44c3708601.JPG,In-stock,Fruits & Vegetables,FreshCo,https://www.freshco.com/products/sweetango-apple
Cantaloupe Large 1 Count,$3.49,No Description Available,https://media.sobeys.com/original/4050_VOILA_1a86a7422576320bf5bc11a0419867afac328d53.JPG,In-stock,Fruits & Vegetables,FreshCo,https://www.freshco.com/products/cantaloupe-large-1-count
Clementines 1 Count,$2.18,No Description Available,https://media.sobeys.com/original/7726_KG_ml_primary_front_NA_VOILA_ffdacf77cea55527f192e63d109e91226cee0ce4.JPG,In-stock,Fruits & Vegetables,FreshCo,https://www.freshco.com/products/clementines-1-count
Pomegranate 1 Count,$1.99,No Description Available,https://media.sobeys.com/original/457228_EA_NA_Primary_Front_NA_VOILA_16fbea69eb43d59a3dd9dd5c345eb83b867c79de.JPG,In-stock,Fruits & Vegetables,FreshCo,https://www.freshco.com/products/pomegranate-1-count
Yoplait,$1.39,"Yoplait. Delicious, Fun Family Yogurt. Yoplait Yop 1% Drinkable Yogurt features a deliciously smooth texture and a portable format perfect for breakfast on-the-go. Yoplait Yop 1% M.F. Drinkable Yogurt is the on-the-go yogurt you need to keep you going all day. Yoplait Yop 1% M.F. Drinkable Yogurt contains no gelatin, artificial flavours, or added colours. This portable yogurt drink is convenient to add to a lunchbox or gym bag and a good source of calcium & vitamin D. The fresh milk used in Yoplait products is sourced from Canadian dairy farmers and is free of added growth hormones and antibiotics. Contains one 200 mL drinkable yogurt in total.",https://media.sobeys.com/original/983469_EA_ml_primary_front_na_020325_VOILA_799f7e305fefef93b11455408bb751adc13a5b8c.JPG,In-stock,Dairy & Eggs,FreshCo,https://www.freshco.com/products/yoplait-yop-1--drinkable-yogurt-peach-200-ml
Oikos,$6.49,"Gone are the scary days when choosing the right snack meant suffering from blank page syndrome! Put your creativity to work and beat your cravings with Oikos High Protein Plain Greek yogurt. Enjoy the same great taste you know and love, now with even more protein and a thick texture! Made with 100% Canadian milk, the new Oikos High Protein Plain Greek yogurt boasts 19 grams of protein per 175 gram serving. Try it today!",https://media.sobeys.com/original/598017_EA_en_primary_front_na_081325_VOILA_d13e0121e17a1db5b725a9e381c1f21effcbcb69.JPG,In-stock,Dairy & Eggs,FreshCo,https://www.freshco.com/products/oikos-fat-free-0--greek-yogurt-high-protein-plain-650-g
Silk,$3.99,Deck the halls with Silk Peppermint Mocha Oat Creamer! Add a splash (or two) of the holidays to your favourite coffee and spread some cheers with those around you.,https://media.sobeys.com/original/1285768_EA_en_primary_front_na_120324_VOILA_6662e18269ff778a067c04ba276f6ea2d69d5172.JPG,In-stock,Dairy & Eggs,FreshCo,https://www.freshco.com/products/silk-oat-dairy-free-coffee-creamer-limited-edition-peppermint-mocha-450-ml
International Delight,$4.49,"Name a more dynamic duo than mint and chocolate â€“ weâ€™ll wait! Fresh, cooling peppermint meets smooth, velvety mocha with this coffee enhancer, made for the holiday lover at heart. Whether thereâ€™s a foot of snow on the ground or you crave this comforting flavour year-round, this peppermint mocha enhancer tastes like coziness in a cup. Stir a splash into your morning coffee for a deliciously unique start to the day, or add a pour to your mid-afternoon brew for a minty, chocolatey treat (youâ€™ve earned it!). This enhancer is sure to become a go-to pick for your flavoured coffee rotation.",https://media.sobeys.com/original/526162_EA_en_primary_front_na_102725_VOILA_d095ab0f4e8e3bacd9f39841287612fba1d71787.JPG,In-stock,Dairy & Eggs,FreshCo,https://www.freshco.com/products/international-delight-coffee-enhancer-limited-edition-peppermint-mocha-946-ml
Olympic,$5.99,"Olympic Krema 9% M.F. Vanilla Yogurt is the definition of delicious indulgence. The rich and creamy yogurt uses high-quality ingredients and the goodness of dairy to satisfy your most indulgent cravings. Made without gluten, gelatin, or preservatives, Krema's thick yogurt is a satisfying snack you can always feel good about. Savour the sweetness of this velvety vanilla yogurt on its own, with fruit or granola, or as a stand-out ingredient in a deliciously decadent dessert or smoothie.",https://media.sobeys.com/original/824269_EA_en_primary_front_na_022125_VOILA_305d78e8303445c90921a266f278772323df17a2.JPG,In-stock,Dairy & Eggs,FreshCo,https://www.freshco.com/products/olympic-9--krema-yogurt-vanilla-650-g
Compliments,$5.49,No Description Available,https://media.sobeys.com/original/429620_EA_ml_primary_front_011223_VOILA_cfe18fa6edbfc28c8e676a15daf0d2fae7556ccb.JPG,In-stock,Dairy & Eggs,FreshCo,https://www.freshco.com/products/compliments-2--cottage-cheese-750-g
Olympic,$5.99,No Description Available,https://media.sobeys.com/original/1343371_EA_en_primary_front_NA_052225_VOILA_39b154a9373ff0ef794f8d00d310e37251b6c036.JPG,In-stock,Dairy & Eggs,FreshCo,https://www.freshco.com/products/olympic-krema-yogurt-9--maple-syrup-650-g
Olympic,$5.99,No Description Available,https://media.sobeys.com/original/1343364_EA_en_primary_front_NA_091725_VOILA_f8e3b3bce0bb33ecc74b01db1b7f06dc762163d7.JPG,In-stock,Dairy & Eggs,FreshCo,https://www.freshco.com/products/olympic-krema-8--yogurt-strawberry-delight-650-g
Binggrae,$8.49,No Description Available,https://media.sobeys.com/original/754000000025700000000066092212_VOILA_ddfe23ea4ae0b43e902eb15d2041f21aeddc2296.JPG,In-stock,Dairy & Eggs,FreshCo,https://www.freshco.com/products/binggrae-flavored-milk-banana-6-x-200-ml
Early Spring,$1.69,No Description Available,https://media.sobeys.com/original/7580_EA_primary_VOILA_897faca06d2f020b9a9a13258728d46088706785.JPG,In-stock,Dairy & Eggs,FreshCo,https://www.freshco.com/products/early-spring-flavor-drink-basil-seed-with-pineapple-290-ml-(bottle)
Early Spring,$1.69,No Description Available,https://media.sobeys.com/original/7579_EA_primary_VOILA_26c5040149edb95fe0d6426b4fd37a35e7e8d267.JPG,In-stock,Dairy & Eggs,FreshCo,https://www.freshco.com/products/early-spring-flavor-drink-basil-seed-with-mango-290-ml-(bottle)
YB,$3.79,No Description Available,https://media.sobeys.com/original/10932_EA_primary_VOILA_0e93d6d49bc69789736df193422e1efc3bd6e5b3.JPG,In-stock,Dairy & Eggs,FreshCo,https://www.freshco.com/products/y-b-cooked-quail-egg-425-g
Korea Sports Beverage Pocari Sweat 1 L,$5.99,No Description Available,https://media.sobeys.com/original/894129_EA_ml_primary_front_NA_101525_VOILA_fa4ff050637eab95da3979afbff260ddba26f870.JPG,In-stock,Dairy & Eggs,FreshCo,https://www.freshco.com/products/korea-sports-beverage-pocari-sweat-1-l-
Kirin,$4.49,No Description Available,https://media.sobeys.com/original/573235_EA_ml_primary_front_NA_080222_VOILA_f8ecd6e1ba5c5269b772fcf867085b39b2dc3614.JPG,In-stock,Dairy & Eggs,FreshCo,https://www.freshco.com/products/kirin-milk-tea-1%252E5-l-(bottle)
UCC,$1.99,No Description Available,https://media.sobeys.com/original/754000000025700000000061787922_VOILA_cf3c350e17bb55dcf1b7c733605af20b07780e63.JPG,In-stock,Dairy & Eggs,FreshCo,https://www.freshco.com/products/ucc-cold-brew-coffee-original-blend-with-milk-337-ml-(can)
Hass Avocados 5 Count (Ripe in 3-5 days),$3.79,No Description Available,https://media.sobeys.com/original/884318000378_VOILA_990ac7fc78e679dc8544a1abdf003c78b7df6cc0.JPG,In-stock,Bakery,FreshCo,https://www.freshco.com/products/hass-avocados-5-count-(ripe-in-3-5-days)
Clementines 1 Count,$2.18,No Description Available,https://media.sobeys.com/original/7726_KG_ml_primary_front_NA_VOILA_ffdacf77cea55527f192e63d109e91226cee0ce4.JPG,In-stock,Bakery,FreshCo,https://www.freshco.com/products/clementines-1-count
Red Seedless Grapes 1 Bunch,$3.28,No Description Available,https://media.sobeys.com/original/4023_7664_VOILA_364fd490f89096e491e708e6302a6d6afb17122f.JPG,In-stock,Bakery,FreshCo,https://www.freshco.com/products/red-seedless-grapes-1-bunch
Cauliflower 1 Count,$3.99,No Description Available,https://media.sobeys.com/original/4079_7950_VOILA_3ea06a0651d0441c046c3b0d42c2e546bb961dd0.JPG,In-stock,Bakery,FreshCo,https://www.freshco.com/products/cauliflower-1-count
Red Tomatoes On The Vine,$3.95,No Description Available,https://media.sobeys.com/original/144769_KG_ml_primary_front_080624_VOILA_85b239604c8b8dc0a2f945adb60b2812b8c00a9e.JPG,In-stock,Bakery,FreshCo,https://www.freshco.com/products/red-tomatoes-on-the-vine
Club House,$3.99,Club House Pumpkin Pie Spice is a custom blend of sweet spices for autumn & winter dishes. Made using Non GMO ingredients and verified by the NON GMO Project.,https://media.sobeys.com/original/754000000025700000000004813319_VOILA_4b1ad1b2f778928fca452163a6330409b52d245b.JPG,In-stock,Bakery,FreshCo,https://www.freshco.com/products/club-house-pumpkin-pie-spice-35-g
Regular Leeks 1 Bunch,$4.99,No Description Available,https://media.sobeys.com/original/7047_EA_ml_primary_front_VOILA_ddf79c87c3553c42a2c7083d48e5b7e848b8342a.JPG,In-stock,Bakery,FreshCo,https://www.freshco.com/products/regular-leeks-1-bunch
Dove,$6.99,"Restore your skin and delight your senses with Dove Pampering Shea Butter & Vanilla Body Wash. This nourishing body wash, with 24hr Renewing MicroMoisture, gently cleanses and nourishes the skin, leaving it pampered and healthy-looking for 24 hours. From the #1 dermatologist-recommended body wash brand, this refreshing body wash, made with shea butter & vanilla, has a luxurious and fragrant lather youâ€™ll love. Dove Pampering Body Wash has been developed with millions of MicroMoisture droplets and plant-based moisturizers, creating a formula that works to gently cleanse and moisturize dry skin and nourish your microbiome â€“ skinâ€™s living protective layer. This sulfate-free and paraben-free body cleanser is vegan and packaged in 100% recycled plastic bottles. Dove is PETA approved, meaning we do not test on animals, anywhere in the world. How to use: Squeeze Body Wash into your palms. Massage onto your skin, enjoy the rich lather, before rinsing off to reveal soft, smooth skin.",https://media.sobeys.com/original/3993_EA_ml_primary_front_111423_VOILA_fbcea8cedf962c20adfecb5fb6b89b89ff2328e1.JPG,2,Bakery,FreshCo,https://www.freshco.com/products/dove-pampering-body-wash-shea-butter---vanilla-for-healthy-looking-skin-325-ml
Dove,$6.99,"Bring a new level of moisturization thatâ€™s longer-lasting and more natural with Dove White Beauty Bar. Enjoy soft, smooth, and healthy-looking skin with the gentle cleansing formula enriched with our signature Â¼ moisturizing cream. The mild cleansers inside our beauty bar help your skin to retain its natural moisture to provide lasting care for the skin you live in. While a regular soap bar might leave your skin feeling dry and tight, this Dove face soap and body soap can help you to replenish nutrients that are lost during the cleansing process before youâ€™ve even stepped out of the shower. Itâ€™s not a regular soap bar â€“ itâ€™s a beauty bar. Dermatologist tested and suitable for daily use, this bar soap can be used on your body and hands, and is great as a gentle face cleanser. And don't worry, we are making sure that your skincare does not come at the cost of other living beings.",https://media.sobeys.com/original/754000000025700000000071406063_VOILA_c28d02744d92089340a62ebf4560e770bcbfa897.JPG,2,Bakery,FreshCo,https://www.freshco.com/products/dove-beauty-bar-white-for-healthy-looking-skin-3-x-106-g-
Kool-Aid,$2.99,"Kool-Aid Orange Jammers are fun, refreshing and come in all your favourite flavours! Just jam your straw into the pouch and drink up some fun. Kool-Aid Orange Jammers are perfect for lunchboxes, soccer games, birthday parties or simply enjoying at home. No artificial sweeteners and 100% daily value of Vitamin C.",https://media.sobeys.com/original/243689_EA_ml_primary_front_na_051225_VOILA_07a7702baaa9097b872058a4f4b9a82791d1e10b.JPG,In-stock,Bakery,FreshCo,https://www.freshco.com/products/kool-aid-flavoured-water-beverage-orange-1800-ml
Lemon Large 1 Count,$0.99,No Description Available,https://media.sobeys.com/original/7685_EA_ml_primary_front_082423_VOILA_d6bd856b6a2e1b7fef9db914522f4b8fac4b0c40.JPG,In-stock,Bakery,FreshCo,https://www.freshco.com/products/lemon-large-1-count
Zucchini Squash 1 Count,$5.49/kg,No Description Available,https://media.sobeys.com/original/8118_KG_ml_primary_front_NA_062322_VOILA_be8fa710e0383b633ffc309c9b226b19bb50a2a1.JPG,In-stock,Bakery,FreshCo,https://www.freshco.com/products/zucchini-squash-1-count
Compliments,$3.49,No Description Available,https://media.sobeys.com/original/618244_EA_ml_primary_front_NA_122921_VOILA_8e85657d2f302531829d8003443cd0fac83fbd16.JPG,In-stock,Bakery,FreshCo,https://www.freshco.com/products/compliments-carrots-1%252E36-kg
Sweet Bell Pepper Green Large,$6.59/kg,No Description Available,https://media.sobeys.com/original/8060_KG_ml_primary_front_012825_VOILA_89a06406154e40ed728b6f3f2b8c2e896f036f99.JPG,In-stock,Bakery,FreshCo,https://www.freshco.com/products/sweet-bell-pepper-green-large
Compliments,$2.99,No Description Available,https://media.sobeys.com/original/055742533767_474811_VOILA_259b3f692a5867d20283676e80a556f99e27268c.JPG,In-stock,Bakery,FreshCo,https://www.freshco.com/products/compliments-liquid-hand-soap-aloe-vera-340-ml
Campbell's,$2.29,No Description Available,https://media.sobeys.com/original/754000000025700000000064647457_VOILA_8a9e9d114b8a8d2b83a224bf6f41903f9d418e95.JPG,In-stock,Bakery,FreshCo,https://www.freshco.com/products/campbell-s-concentrated-broth-chicken-250-ml
Campbell's,$2.29,No Description Available,https://media.sobeys.com/original/754000000025700000000064637935_VOILA_cfaa9766e61dd1d8617d3f752f89943925240afe.JPG,In-stock,Bakery,FreshCo,https://www.freshco.com/products/campbell-s-concentrated-broth-beef-250-ml
Ovaltine,$5.99,"A cup of Ovaltine is a great treat any time of day! As an excellent source of Vitamin A, Niacin, Thiamine & Iron and a good source of Vitamin C, Ovaltine provides you and your kids with a delicious and nutritious way to help maintain a healthy andOvaltine's unique recipe is Rich in Malt from Barley. It's made with Malt, Milk and Cocoa which are naturally rich in vitamins and minerals. active lifestyle.Produced with respect to people and the environment. That's why we buy UTZ certified cocoa for our Ovaltine products.",https://media.sobeys.com/original/7612100054321_VOILA_778731c393589b37a6ddf8fa2cc9b036cd6e1d96.JPG,In-stock,Drinks,FreshCo,https://www.freshco.com/products/ovaltine-drink-mix-classic-malt-400-g
Grace,$4.49,No sugar added and no pulp. Gluten free. A good source of potassium and naturally occurring electrolytes.,https://media.sobeys.com/original/754000000025700000000005075913_VOILA_a0c41e7af8e0b6a9cf2b85128f7472d6947867f3.JPG,In-stock,Drinks,FreshCo,https://www.freshco.com/products/grace-gluten-free-100--pure-coconut-water-1-l
Pepsi,$5.49,No Description Available,https://media.sobeys.com/original/340555_EA_ml_primary_front_na_061225_VOILA_17fc8815f8a270268a3ecde17d23b2b9dacfea41.JPG,In-stock,Drinks,FreshCo,https://www.freshco.com/products/pepsi-zero-sugar-soft-drink-6-x-710-ml-(bottles)
Vita Coco,$3.99,No Description Available,https://media.sobeys.com/original/247639_EA_en_primary_front_na_102424_VOILA_7edd2088746b1ee74009efc37152230e2c1e4a89.JPG,In-stock,Drinks,FreshCo,https://www.freshco.com/products/vita-coco-coconut-water-1-l
Red Bull,$4.99,No Description Available,https://media.sobeys.com/original/1363679_EA_ml_primary_front_NA_091225_VOILA_046b01959ff6406e97eb178a4b9bf57b38a48a97.JPG,In-stock,Drinks,FreshCo,https://www.freshco.com/products/red-bull-energy-drink-white-peach-473-ml-(can)
Grolsch,$7.49,No Description Available,https://media.sobeys.com/original/754000000025700000000041008947_VOILA_3a64e1e5873c109a87f95ef39aae63b83718e20e.JPG,In-stock,Drinks,FreshCo,https://www.freshco.com/products/grolsch-non-alcoholic-beer-pack-4-x-500-ml-(cans)
Early Spring,$1.69,No Description Available,https://media.sobeys.com/original/7580_EA_primary_VOILA_897faca06d2f020b9a9a13258728d46088706785.JPG,In-stock,Drinks,FreshCo,https://www.freshco.com/products/early-spring-flavor-drink-basil-seed-with-pineapple-290-ml-(bottle)
Early Spring,$1.69,No Description Available,https://media.sobeys.com/original/7579_EA_primary_VOILA_26c5040149edb95fe0d6426b4fd37a35e7e8d267.JPG,In-stock,Drinks,FreshCo,https://www.freshco.com/products/early-spring-flavor-drink-basil-seed-with-mango-290-ml-(bottle)
Wagh Bakri,$13.49,South Asian style blend strong black tea in convenient tea bags from Wagh Bakri Tea. Steep for 3-5 minutes in hot water and add milk or lemon and sugar to taste.,https://media.sobeys.com/original/426416_EA_ml_primary_front_NA_072722_VOILA_9e3d82fb9ed49383f9fa0a7b53b94fd76beb78d2.JPG,In-stock,Drinks,FreshCo,https://www.freshco.com/products/wagh-bakri-premium-tea-907-g
Masterkong,$1.99,No Description Available,https://media.sobeys.com/original/335842_EA_ml_primary_na_na_010325_PHP_VOILA_149acc414b7b8356d43157211f51e23695aeb142.JPG,In-stock,Drinks,FreshCo,https://www.freshco.com/products/master-kong-ice-tea-500-ml
Masterkong,$1.99,No Description Available,https://media.sobeys.com/original/335815_EA_ml_primary_na_na_010325_PHP_VOILA_40e927156db120a39dc3003991132432a4ca93f1.JPG,In-stock,Drinks,FreshCo,https://www.freshco.com/products/master-kong-jasmine-tea-with-honey-500-ml
Suntory,$2.49,No Description Available,https://media.sobeys.com/original/335595_EA_ml_primary_front_NA_042224_VOILA_a0e8ec041eb4bf5e5b3fac5628bdc2d91929bca6.JPG,In-stock,Drinks,FreshCo,https://www.freshco.com/products/suntory-zero-sugar-oolong-tea-500-ml-(bottle)
Grace Island Soda,$1.49,No Description Available,https://media.sobeys.com/original/754000000025700000000058102764_VOILA_96c5a97f56204f71410e8cef2162e4fba2073d77.JPG,In-stock,Drinks,FreshCo,https://www.freshco.com/products/grace-island-soda-drink-mango-355-ml-(bottle)
Marie Callender's,$8.99,No Description Available,https://media.sobeys.com/original/031000009168_ml_VOILA_552af4efea6a687b83ee1297a00a0b1256be6365.JPG,In-stock,Frozen,FreshCo,https://www.freshco.com/products/marie-callender-s-cheesy-chicken---broccoli-multi-serve-frozen-meal-680-g
MC,$8.99,No Description Available,https://media.sobeys.com/original/20258_EA_alt_VOILA_f203285e2b4cee5102b315d8b1dfbb02f8aa3091.JPG,In-stock,Frozen,FreshCo,https://www.freshco.com/products/mc-frozen-marinara-meat-casserole-794-g
Baltic Gifts,$14.99,No Description Available,https://media.sobeys.com/original/656161_EA_ml_Primary_Front_NA_080124_VOILA_2a719967b3f8be470885941325b26f8f6b857435.JPG,In-stock,Frozen,FreshCo,https://www.freshco.com/products/baltic-gifts-herring-fillets-in-oil-traditional-1-kg
Little Northern Bakehouse,$7.99,"Made with nutrient-rich millet and chia seeds, this bread has a smooth texture and delicate crunch that also packs in the flavour you crave.The Millet & Chia bread makes for the perfect gluten free lunch time sandwich or crunchy gluten free breakfast toast.",https://media.sobeys.com/original/754000000025700000000037028353_VOILA_8a2c4f46c2083af49024cf2258fddcd9877a636e.JPG,In-stock,Frozen,FreshCo,https://www.freshco.com/products/little-northern-bakehouse-gluten-free-bread-millet---chia-454-g-(frozen)
Haagen-Dazs,$5.44,No Description Available,https://media.sobeys.com/original/3185_EA_ml_primary_front_na_032625_VOILA_68ef23e6264d58d4485dad069d3f491557825328.JPG,In-stock,Frozen,FreshCo,https://www.freshco.com/products/haagen-dazs-ice-cream-chocolate-hazelnut-450-ml
Chapman's,$4.99,"Better than an after-dinner mint â€“ this is any time mint! Chapmanâ€™s Mint Chip provides a creamy mint flavoured ice cream with an explosion of chocolate flakes from beginning to end. There are no artificial flavours or colours, it is Peanut/Nut Free, Gluten Free, and Egg Free and it will not disappoint!",https://media.sobeys.com/original/754000000025700000000024186520_VOILA_bf44dc1d5bbecf8dd13bc870b7793ef9057bcb62.JPG,In-stock,Frozen,FreshCo,https://www.freshco.com/products/chapman-s-gluten-free-ice-cream-mint-chip-2-l
Wing's,$2.99,Medium thickness wonton wraps. Each package is conveniently divided into 2 vacuum sealed portions.,https://media.sobeys.com/original/8364_EA_ML_PRIMARY_FRONT_NA_VOILA_86092465500e97ed2d3c754e14921d825bc9b5da.JPG,In-stock,Frozen,FreshCo,https://www.freshco.com/products/wing-s-won-ton-wraps-400-g-(frozen)
Haagen-Dazs,$5.44,"Indulge in the irresistible taste of HÃ„AGEN-DAZSÂ® Pineapple Coconut Ice Cream (450 ml). Since 1960, our passion has taken us on a journey to transform only the finest ingredients into a simply extraordinary ice cream experience. Made with 100% Canadian dairy, this tropical-inspired treat combines tangy pineapple pieces and coconut flavours with pure, sweet cream. Every bite of this treat will inspire an exotic getaway.",https://media.sobeys.com/original/3210_EA_ml_primary_front_070523_VOILA_a7f71b24dc3c390d71f177cc25a4da669d494f4d.JPG,In-stock,Frozen,FreshCo,https://www.freshco.com/products/haagen-dazs-ice-cream-pineapple-coconut-450-ml
Haagen-Dazs,$5.44,No Description Available,https://media.sobeys.com/original/3200_EA_ml_primary_front_na_032625_VOILA_a0a6e201c2b30f1c03b52689191b36c0afe71445.JPG,In-stock,Frozen,FreshCo,https://www.freshco.com/products/haagen-dazs-ice-cream-vanilla-bean-450-ml
Haagen-Dazs,$5.44,"Indulge in the irresistible taste of HÃ„AGEN-DAZSÂ® Salted Caramel Ice Cream (450 ml). Since 1960, our passion has taken us on a journey to transform only the finest ingredients into a simply extraordinary ice cream experience. Our Salted Caramel ice cream offers a flavourful combination of creamy caramel ice cream, swirled with ribbons of salted caramel. Made with Canadian dairy, this ice cream brings sweet and salty together in the most decadent way.",https://media.sobeys.com/original/3195_EA_primary_VOILA_b571187d9f970ae4e6b48130797b509e31cf66e8.JPG,In-stock,Frozen,FreshCo,https://www.freshco.com/products/haagen-dazs-ice-cream-salted-caramel-450-ml
Haagen-Dazs,$5.44,No Description Available,https://media.sobeys.com/original/3194_EA_ml_primary_front_na_032625_VOILA_2a62368890671318179e418afb25a70bbab07b29.JPG,In-stock,Frozen,FreshCo,https://www.freshco.com/products/haagen-dazs-ice-cream-chocolate-peanut-butter-450-ml
Maple Leaf,$5.99,"Create a tasty sandwich or wrap with Maple Leaf Natural Selections Oven Roasted Chicken Breast. Made with natural ingredients, quality cuts of chicken, this sliced sandwich meat is oven roasted for delicious, savoury flavour. The convenient resealable package ensures the deli meat stays fresh and ready to enjoy. Made for families, the Maple Leaf brand offers premium meat using only natural ingredients with no artificial preservatives, flavours, colours, or sweeteners. Dedicated to providing wholesome, real food for Canadians for generations to come, Maple Leaf is the first major food company in the world to become carbon neutral. Join them in their commitment to build a more sustainable planet.",https://media.sobeys.com/original/245910_EA_ml_primary_front_na_052924_VOILA_ba0649939475c594f0fc3a426c6b99debf0621e4.JPG,In-stock,Frozen,FreshCo,https://www.freshco.com/products/maple-leaf-natural-selections-deli-sliced-chicken-breast-oven-roasted-175-g
Asian Inspirations,$5.99,No Description Available,https://media.sobeys.com/original/754000000025700000000005836680_VOILA_daad0bc86c94f26a0a7caf661462dd6f0dea288e.JPG,In-stock,Frozen,FreshCo,https://www.freshco.com/products/asian-inspirations-frozen-sweet---sour-pork-400-g
Maple Leaf,$6.99,"Maple Leaf Natural Top Dogs Original Hot Dogs deliver classic, family-favourite flavour and are filler free. Made with premium meat, these hot dogs feature a delicious smoked taste that both kids and grown-ups will love. These hot dogs are great at home and perfect for barbeques outdoors. Dedicated to providing wholesome, real food for Canadians for generations to come, Maple Leaf is the first major food company in the world to become carbon neutral. Join them in their commitment to build a more sustainable planet.",https://media.sobeys.com/original/791088_EA_ml_na_front_na_052924_VOILA_786321ec04c5402e89810688fe6f8f3beff7411b.JPG,In-stock,Meat,FreshCo,https://www.freshco.com/products/maple-leaf-natural-top-dogs-hot-dogs-original-375-g
Panache,$13.21/kg,No Description Available,https://media.sobeys.com/original/608812_KG_ml_VOILA_10388b8fadc3e02eb325c9ba2e39e3ebc4ad87e3.JPG,In-stock,Meat,FreshCo,https://www.freshco.com/products/panache-chicken-flattened-greek-style-lemon---herb-1%252E3-kg
Compliments,$11.00,No Description Available,https://media.sobeys.com/original/970180_EA_ml_primary_front_083024_VOILA_b4eab7f53d8df71c776316cdef941b2567a9708f.JPG,In-stock,Meat,FreshCo,https://www.freshco.com/products/compliments-pork-loin-roast-garlic---herb-800-g
Pillers Charcuterie,$6.99,No Description Available,https://media.sobeys.com/original/966360_EA_ml_primary_front_na_VOILA_9e42ada886f01d1b4c9b104ca2efddfa059bc4f9.JPG,In-stock,Meat,FreshCo,https://www.freshco.com/products/piller-s-charcuterie-salami-pepper-coated-125-g
PILLER'S CHARCUTERIE,$6.99,No Description Available,https://media.sobeys.com/original/966354_EA_ml_primary_front_na_VOILA_2b414d98afcb5c79599dc9517adbcf4c6af11298.JPG,In-stock,Meat,FreshCo,https://www.freshco.com/products/piller-s-charcuterie-salami-roasted-garlic---asiago-125-g
Marcangelo,$4.99,"Marcangelo take pride in the premium products production. Marcangelo only use the freshest, finest cuts of meat and poultry, plus traditional herbs and spices.",https://media.sobeys.com/original/627907094835_ml_VOILA_2d58a7609321531611ab595c352d8ece1c5c2300.JPG,In-stock,Meat,FreshCo,https://www.freshco.com/products/marcangelo-european-charcuterie-pork-100-g
Boneless Pork Loin Centre Roast,$13.21/kg,No Description Available,https://media.sobeys.com/original/248406_KG_ml_front_VOILA_260ad74f7e8d88961f221417735eba307503ece4.JPG,In-stock,Meat,FreshCo,https://www.freshco.com/products/boneless-pork-loin-centre-roast
Fantino & Mondello,$7.99,"Savour the authentic Italian flavour of Fantino & Mondello Vino Rosso Salami. This thinly sliced red wine salami is prepared in the traditional wayâ€”unhurried and with only the highest quality ingredients. Since 1949, the Fantino & Mondello family of artisans have translated their passion and respect for Italian traditions and flavours into premium Italian charcuteries that help you savour the best moments in life with family and friends. This wine salami comes conveniently sliced in a resealable package for easy serving and storage. Make this salami a highlight of your modern charcuterie board when entertaining or use it in a savoury sandwich or as a premium pizza topping. Made with dry-cured Canadian pork, 9 grams of protein per serving, and no gluten or trans fats, this sliced salami is a satisfying and delicious way to enjoy a taste of todayâ€™s dolce vita.",https://media.sobeys.com/original/33339_EA_ml_primary_front_na_090624_VOILA_b71a706c951364fe13810b852f6183d62b93bcfb.JPG,In-stock,Meat,FreshCo,https://www.freshco.com/products/fantino---mondello-salami-sliced-dry-vino-rosso-125-g
Fantino & Mondello,$7.99,"Enjoy the smoky flavour of Fantino & Mondello Dry Chorizo Sausage for any dining occasion, whether eating at home or out on-the-go with family or friends. Savor the dry-cured chorizo on its own, pair with cheeses as a charcuterie meat, or try it as a flavourful addition to pizzas, pastas, and sandwiches. Since 1949, Fantino & Mondello has made deli foods with quality meats and ingredients, passing on culinary traditions from generation to generation to share the joy of Italian living. Fantino & Mondello is a proudly Canadian brand of Viau Food Products.",https://media.sobeys.com/original/33285_EA_ml_primary_front_na_090624_VOILA_afab3f355d78184b0e8e6432324ca6bd22e17e13.JPG,In-stock,Meat,FreshCo,https://www.freshco.com/products/fantino---mondello-dry-sausage-chorizo-175-g
Maple Leaf,$5.99,"Create a tasty sandwich or wrap with Maple Leaf Natural Selections Smoked Black Forest Ham. Made with natural ingredients and quality cuts of boneless Black Forest ham, this delicious ham sandwich meat has rich, mouthwatering flavour. The convenient resealable package ensures the sliced deli meat stays fresh and ready to enjoy. Made for families, the Maple Leaf brand offers premium meat using only natural ingredients with no artificial preservatives, flavours, colours, or sweeteners. Dedicated to providing wholesome, real food for Canadians for generations to come, Maple Leaf is the first major food company in the world to become carbon neutral. Join them in their commitment to build a more sustainable planet.",https://media.sobeys.com/original/245912_EA_ml_na_front_na_052924_VOILA_86d35ab6aba5b525357d7b87f37332a6c31daa3e.JPG,In-stock,Meat,FreshCo,https://www.freshco.com/products/maple-leaf-natural-selections-deli-sliced-smoked-ham-black-forest-175-g
Maple Leaf,$5.99,"Create a tasty sandwich or wrap with Maple Leaf Natural Selections Baked Ham. This delicious ham sandwich meat starts with quality cuts of ham and is made with natural ingredients for delicious flavour. The convenient resealable package ensures the sliced deli meat stays fresh and ready to enjoy. Made for families, the Maple Leaf brand offers premium meat using only natural ingredients with no artificial preservatives, flavours, colours, or sweeteners. Dedicated to providing wholesome, real food for Canadians for generations to come, Maple Leaf is the first major food company in the world to become carbon neutral. Join them in their commitment to build a more sustainable planet.",https://media.sobeys.com/original/245911_EA_ml_primary_front_na_052924_VOILA_e7d9ce02d1c2e10ff14638d256eb9498d742351f.JPG,In-stock,Meat,FreshCo,https://www.freshco.com/products/maple-leaf-natural-selections-deli-sliced-baked-ham-175-g
Maple Leaf,$5.99,"Create a delicious sandwich or wrap with Maple Leaf Natural Selections Shaved Hickory Smoked Turkey Breast. Made with natural ingredients and modifed vinegar, these fresh shaved turkey slices are hickory smoked for flavour the whole family will love. The convenient resealable package ensures the deli meat stays fresh. Made for families, the Maple Leaf brand offers premium meat using real, simple, ingredients with no artificial flavours, colours, or sweeteners. Dedicated to providing wholesome, real food for Canadians for generations to come, Maple Leaf is the first major food company in the world to become carbon neutral. Join them in their commitment to build a more sustainable planet.",https://media.sobeys.com/original/309420_EA_ml_primary_front_na_052924_VOILA_08d799aa12feebedc36f325ad3d59e43eed66119.JPG,In-stock,Meat,FreshCo,https://www.freshco.com/products/maple-leaf-natural-selections-deli-shaved-turkey-breast-hickory-smoked-175-g
Maple Leaf,$5.99,"Create a tasty sandwich or wrap with Maple Leaf Natural Selections Baked Honey Ham. This delicious ham sandwich meat is crafted from quality cuts of honey ham and made with real, simple ingredients for delicious flavour with a touch of sweetness. The convenient resealable package helps keep the sliced deli meat fresh and ready to enjoy. Made for families, the Maple Leaf brand offers premium meat using natural ingredients and modified vinegar, with no artificial flavours, colours, or sweeteners. Dedicated to providing wholesome, real food for Canadians for generations to come, Maple Leaf is the first major food company in the world to become carbon neutral. Join them in their commitment to build a more sustainable planet.",https://media.sobeys.com/original/271658_EA_ml_primary_front_na_052924_VOILA_7e383373aa31ab9d6d58cc5e3828aebffc99afd7.JPG,In-stock,Meat,FreshCo,https://www.freshco.com/products/maple-leaf-natural-selections-deli-sliced-baked-ham-honey-175-g
Panache,$13.21/kg,No Description Available,https://media.sobeys.com/original/784722_KG_ml_primary_front_VOILA_c5daf0c81021f07b891d8e999655c15e91fcb4f6.JPG,In-stock,Meat,FreshCo,https://www.freshco.com/products/panache-chicken-flattened-jerk-
Maple Leaf,$5.99,"Create a tasty sandwich or wrap with Maple Leaf Natural Selections Sliced Oven Roasted Turkey Breast. Made with natural ingredients, these turkey slices are oven roasted for delicious, savoury flavour. The convenient resealable package helps keep the deli meat fresh and ready to enjoy. Made for families, the Maple Leaf brand offers premium meat using only natural ingredients with no artificial preservatives, flavours, colours, or sweeteners. Dedicated to providing wholesome, real food for Canadians for generations to come, Maple Leaf is the first major food company in the world to become carbon neutral. Join them in their commitment to build a more sustainable planet.",https://media.sobeys.com/original/245906_EA_ml_primary_front_na_052924_VOILA_c8cedec69561ce887feab796757dc4d29f2bd1d3.JPG,In-stock,Meat,FreshCo,https://www.freshco.com/products/maple-leaf-natural-selections-deli-sliced-turkey-breast-oven-roasted-175-g
Carrots,$1.58,Product of Canada/USA; No.1 Grade,https://i5.walmartimages.ca/images/Enlarge/632/713/6000203632713.jpg?odnHeight=640&odnWidth=640&odnBg=FFFFFF,In-stock,Fruits & Vegetables,Walmart,https://www.walmart.ca/en/ip/carrots-your-fresh-market/6000197111435?classType=REGULAR&athbdg=L1600&from=/search
Celery,$2.97,Rich in folate and vitamin K,https://i5.walmartimages.ca/images/Enlarge/169/703/6000209169703.jpg?odnHeight=640&odnWidth=640&odnBg=FFFFFF,In-stock,Fruits & Vegetables,Walmart,https://www.walmart.ca/en/ip/celery/6000191272227?classType=REGULAR&athbdg=L1600&from=/search
SUNSET Rainbow Bell Peppers,$3.44,SUNSET Fresh Sweet Peppers,https://i5.walmartimages.ca/images/Enlarge/331/133/6000209331133.jpg?odnHeight=640&odnWidth=640&odnBg=FFFFFF,In-stock,Fruits & Vegetables,Walmart,https://www.walmart.ca/en/ip/sunset-rainbow-bell-peppers/6000191284684?classType=REGULAR&athbdg=L1200&from=/search
Broccoli,$2.44,No description,https://i5.walmartimages.ca/images/Enlarge/367/449/6000209367449.jpg?odnHeight=640&odnWidth=640&odnBg=FFFFFF,In-stock,Fruits & Vegetables,Walmart,https://www.walmart.ca/en/ip/broccoli-stalks/205531?classType=REGULAR&athbdg=L1600&from=/search
Tamato,$2.10,store at room temprature,https://i5.walmartimages.ca/images/Enlarge/_47/999/47999.jpg?odnHeight=640&odnWidth=640&odnBg=FFFFFF,In-stock,Fruits & Vegetables,Walmart,https://www.walmart.ca/en/ip/tomato-beefsteak/6000190008475?classType=REGULAR&athbdg=L1600&from=/search
Silk Oat Coffee Creamer,$3.28,Plant-based Creamer,https://i5.walmartimages.com/asr/488f1a85-2b7d-4bbb-931f-9fc2ab7e256e.7daffc296b317da52e78f8d8b6430128.png?odnHeight=640&odnWidth=640&odnBg=FFFFFF,In-stock,Dairy & Eggs,Walmart,https://www.walmart.ca/en/ip/Silk-Oat-Coffee-Creamer-Peppermint-Mocha-Dairy-Free-450-ml/750Q6YDKCM95?classType=REGULAR&from=/search
bettermoo(d) Moodrink Oat Beverage Barista,$5.97,Gluten-Free,https://i5.walmartimages.com/asr/5f1cc89b-eb7e-4171-890d-2d0d3aae92e8.a5a22f641f25e291d6135284f197b380.jpeg?odnHeight=640&odnWidth=640&odnBg=FFFFFF,In-stock,Dairy & Eggs,Walmart,https://www.walmart.ca/en/ip/Earth-s-Own-Almond-Barista-Plant-Based-Shelf-Stable-Beverage-946ml/1PKVL4O528Z6?classType=REGULAR&from=/search
Great value Large Eggs,$3.93,Canada Grade A Large Eggs,https://i5.walmartimages.com/asr/bf0abe13-d833-4ceb-be74-8c2444c35a06.217e4c69ecde8c8bba4e8ab7de15a76b.jpeg?odnHeight=640&odnWidth=640&odnBg=FFFFFF,In-stock,Dairy & Eggs,Walmart,https://www.walmart.ca/en/ip/Great-Value-Large-Eggs/10052944?classType=REGULAR&athbdg=L1600&from=/search
Greek Yogurt,$5.78,Free from artificial flavours and colours,https://i5.walmartimages.com/asr/e962acdd-f73d-4efd-be49-603e32b5a70f.b5de8eb9b0745d173efa71ab3b6fc328.jpeg?odnHeight=640&odnWidth=640&odnBg=FFFFFF,In-stock,Dairy & Eggs,Walmart,https://www.walmart.ca/en/ip/Our-FinestTM-2-M-F-Vanilla-Greek-Yogurt/6000196941774?classType=REGULAR&athbdg=L3048&from=/search
Coconut Milk,$1.57,"This ingredient can be used in your favourite recipes, curries, soups, smoothies, desserts, smoothies or coffee",https://i5.walmartimages.com/asr/954254b9-3059-4817-a248-9e0eac7b4c8b.2969168de5314bf63c12c40898e4242b.jpeg?odnHeight=640&odnWidth=640&odnBg=FFFFFF,In-stock,Dairy & Eggs,Walmart,https://www.walmart.ca/en/ip/Delicious-Kitchen-Premium-Coconut-Milk/6000200284903?classType=REGULAR&athbdg=L1200&from=/search
Great Value Boneless Smoked Ham,$10.97,"Great Value Fully Cooked Boneless Smoked Ham,",https://i5.walmartimages.ca/images/Enlarge/173/673/628915173673.jpg?odnHeight=640&odnWidth=640&odnBg=FFFFFF,In-stock,Meat,Walmart,https://www.walmart.ca/en/ip/great-value-boneless-smoked-ham/6000191981720?classType=REGULAR&athbdg=L3048&from=/search
Maple Leaf Boneless Skinless Chicken Breasts,$9.94,HALAL CHICKEN BREASTS: These frozen boneless chicken breasts are easy to cook and serve in your favourite dishes,https://i5.walmartimages.ca/images/Enlarge/889/160/6000201889160.jpg?odnHeight=640&odnWidth=640&odnBg=FFFFFF,In-stock,Meat,Walmart,https://www.walmart.ca/en/ip/mina-halal-boneless-skinless-chicken-breasts/6000197444334?classType=REGULAR&athbdg=L3048&from=/search
Great Value Original Wieners,$5.94,No description,https://i5.walmartimages.ca/images/Enlarge/020/808/627735020808.jpg?odnHeight=640&odnWidth=640&odnBg=FFFFFF,In-stock,Meat,Walmart,https://www.walmart.ca/en/ip/great-value-original-wieners/6000202618655?classType=REGULAR&athbdg=L1600&from=/search
Schneiders Classic Hot Dogs,$7.27,ORIGINAL RED HOTS®: Delivers a bold and distinct smoky flavour,https://i5.walmartimages.ca/images/Enlarge/110/379/6000198110379.jpg?odnHeight=640&odnWidth=640&odnBg=FFFFFF,In-stock,Meat,Walmart,https://www.walmart.ca/en/ip/schneiders-red-hots-original-hot-dogs/6000197818681?classType=REGULAR&athbdg=L3048&from=/search
Great Value Real Bacon Crumble,$4.47,Great Value Real Bacon Crumble,https://i5.walmartimages.com/asr/410aa7bc-5e7c-4ab2-a946-e3c55ce3e223.8a66c5db9013120f4086570365b27697.jpeg?odnHeight=640&odnWidth=640&odnBg=FFFFFF,In-stock,Meat,Walmart,https://www.walmart.ca/en/ip/Great-Value-Real-Bacon-Crumble/6000197398943?classType=REGULAR&from=/search
Great Value 1% Cottage Cheese,$6.28,"Great Value 1% Cottage Cheese can accompany all of your favourite foods. Pair it with fruit, salads, shakes, and cakes. The possibilities are endless",https://i5.walmartimages.com/asr/90edd3a8-34f6-4665-a4ff-81c12147627d.e5a110d0444cfe1276b7425355e2e7b2.jpeg?odnHeight=640&odnWidth=640&odnBg=FFFFFF,In-stock,Lifestyle & dietary needs,Walmart,https://www.walmart.ca/en/ip/Great-Value-1-Cottage-Cheese/6000200025051?classType=REGULAR&athbdg=L1600&from=/search
65ct Rockets Bag,$6.97,"This top Halloween treat is a favourite all year round! Perfect for crowd-pleasing parties, birthdays, and any day that calls for a variety of deliciously sweet (and sometimes sour) treats! ",https://i5.walmartimages.com/asr/a8316acd-a7c7-4a8d-a3a4-954004a466ba.2dd86998cc96dbe6d534efea7bbf669f.jpeg?odnHeight=640&odnWidth=640&odnBg=FFFFFF,In-stock,Lifestyle & dietary needs,Walmart,https://www.walmart.ca/en/ip/ROCKETS-Candy-Rolls/6000203317890?classType=REGULAR&from=/search
Oats,$2.77,Great Value Quick Cook Steel Cut Oats,https://i5.walmartimages.com/asr/4f3f2485-0ba7-4c53-be1a-8ac991477979.fd78f119cb63a555400b2d0e1e02eceb.jpeg?odnHeight=640&odnWidth=640&odnBg=FFFFFF,In-stock,Lifestyle & dietary needs,Walmart,https://www.walmart.ca/en/ip/Great-Value-Quick-Cook-Steel-Cut-Oats/6000195562899?classType=REGULAR&athbdg=L1200&from=/search
Minute Maid Apple Juice Cartons,$4.24,Enjoy a refreshingly delicious fruit drink with Minute Maid Fruit Punch,https://i5.walmartimages.com/asr/ec8b376f-4a20-4902-ad2b-dedfe626831f.2ce38daeaf2e9dd3db767a465f5dffdb.jpeg?odnHeight=640&odnWidth=640&odnBg=FFFFFF,In-stock,Lifestyle & dietary needs,Walmart,https://www.walmart.ca/en/ip/Minute-Maid-Fruit-Punch-Cartons-200-mL-10-Pack/10270383?classType=REGULAR&athbdg=L1600&from=/search
Simply Orange Pulp Free Bottle,$5.98,TROPICANA TPN OJ NPLP 1.36L,https://i5.walmartimages.com/asr/61a777fe-d195-4605-bacc-63bfc132e232.38274c8aec6b7cdf1463772b87a8c291.jpeg?odnHeight=640&odnWidth=640&odnBg=FFFFFF,In-stock,Lifestyle & dietary needs,Walmart,https://www.walmart.ca/en/ip/Tropicana-100-Pure-Orange-Juice-No-Pulp-1-36L/0XYN8MVLTT9H?classType=REGULAR&athbdg=L1300&from=/search
Brar’s Samosas,$9.98,12 samosas per package,https://i5.walmartimages.ca/images/Enlarge/516/816/6000204516816.jpg?odnHeight=640&odnWidth=640&odnBg=FFFFFF,In-stock,International food,Walmart,https://www.walmart.ca/en/ip/brars-samosas-potatoes-and-peas/6000203898132?classType=REGULAR&athbdg=L1600&from=/search
Zabiha Halal Smoked Chicken Breast Roast,$4.47,No description,https://i5.walmartimages.ca/images/Enlarge/327/454/6000203327454.jpg?odnHeight=640&odnWidth=640&odnBg=FFFFFF,In-stock,International food,Walmart,https://www.walmart.ca/en/ip/solmaz-halal-smoked-oven-roasted-chicken/5AUCGU1Q9QOL?classType=REGULAR&from=/search
Tea India Orange Pekoe Black 216 Tea Bags,$8.48,It contains 2 boxes of 216 two-cup tea bags. Drink it everyday to reduce the risk of heart-related disease,https://i5.walmartimages.com/asr/88a92bc7-efc9-4f03-a566-1ea3b4cc7bc2.e77e1957a0c0a46dff4b64fdc80b121c.png?odnHeight=640&odnWidth=640&odnBg=FFFFFF,In-stock,Drinks,Walmart,https://www.walmart.ca/en/ip/Tea-India-Orange-Pekoe-Black-216-Tea-Bags/6000188763672?classType=REGULAR&athbdg=L1102&from=/search
Dabur Real Mango Nectar,$2.98,Real fruit power mango is a fun way to give your child all the energy he needs to perform his tasks,https://i5.walmartimages.com/asr/cd74f57d-6eef-4622-b4c8-448dc81c09bd.1fc223b490da53f4636a5701f04fa01d.jpeg?odnHeight=640&odnWidth=640&odnBg=FFFFFF,In-stock,Drinks,Walmart,https://www.walmart.ca/en/ip/Dabur-Real-Alphonso-Mango-Nectar-1L/5AZ6JFAQBI6U?classType=REGULAR&athbdg=L1600&from=/search
Wagh Bakri Tea,$7.47,"Wagh Bakri Masala Chai tea bags ensure you a refreshing aroma, hypnotic colour and masala flavour with every sip you take. This handpicked tea contains a combination of various spices that makes it a stimulating brew with a difference",https://i5.walmartimages.com/asr/9d081f12-3334-4f3e-ad9c-6dae04f85465_1.d5b0c0462e5a043fed0d1366622c5130.jpeg?odnHeight=640&odnWidth=640&odnBg=FFFFFF,In-stock,Drinks,Walmart,https://www.walmart.ca/en/ip/Wagh-Bakri-Tea-Natural-Masala-Chai-Bags-100-Tea-Bags/6000196975868?classType=REGULAR&from=/search
McCain® Tasti Taters®,$2.77,Fun and tasty tater tots,https://i5.walmartimages.com/asr/a4d7c1ae-9592-407f-a4ee-3910026870c7.b257dea06ee028b1f070db73efe63c6a.jpeg?odnHeight=640&odnWidth=640&odnBg=FFFFFF,In-stock,Frozen,Walmart,https://www.walmart.ca/en/ip/McCain-Tasti-Taters-Made-in-Canada-from-domestic-and-imported-ingredients/6000191197702?classType=REGULAR&athbdg=L1300&from=/search
McCain® Superfries® Sweet Potato Plank Cut Fries,$2.77,Extra crispy spicy straight cut fries,https://i5.walmartimages.com/asr/624b4b52-f3ad-46f1-be79-8db1d78bd272.609eeaae3624e071677138c2d5760038.jpeg?odnHeight=640&odnWidth=640&odnBg=FFFFFF,In-stock,Frozen,Walmart,https://www.walmart.ca/en/ip/McCain-Superfries-Extra-Crispy-Spicy-Straight-Cut-Fries-Made-in-Canada-from-domestic-and-imported-ingredients/6000191197674?classType=REGULAR&athbdg=L1300&from=/search
Dr. Oetker Ristorante Spinach Pizza,$3.47,Vegetarian,https://i5.walmartimages.com/asr/cd732424-9186-491a-a2c7-826ca5196bf8.9a6ab12273957af364401b8163158ea3.png?odnHeight=640&odnWidth=640&odnBg=FFFFFF,In-stock,Frozen,Walmart,https://www.walmart.ca/en/ip/Dr-Oetker-Ristorante-Spinach-Pizza/10260206?classType=REGULAR&athbdg=L1200&from=/search
Dr. Oetker Casa di Mama Pepperoni Pizza,$3.47,"Pepperoni, Mozzarella and Edam Cheese.Cook Time: 13-14 minutes",https://i5.walmartimages.com/asr/5fae6466-1cdd-4fbe-9196-1f875df658d8.ff5a30acd2939ef4e4443bc96c37ba31.jpeg?odnHeight=640&odnWidth=640&odnBg=FFFFFF,In-stock,Frozen,Walmart,https://www.walmart.ca/en/ip/Dr-Oetker-Ristorante-Pepperoni-Pizza/6000197072588?classType=REGULAR&athbdg=L1300&from=/search
Great Value Pork Breakfast Sausages,$9.98,"Great Value uncooked pork breakfast sausages are individually quick frozen for freshness, then vacuum-packed in small batches for ease of use",https://i5.walmartimages.com/asr/d50b34b2-59c6-46ec-921f-090d3d72ce71.23fe7226edb83b6e1a281a862fac2fec.jpeg?odnHeight=640&odnWidth=640&odnBg=FFFFFF,In-stock,Frozen,Walmart,https://www.walmart.ca/en/ip/Great-Value-Pork-Breakfast-Sausages/6000196006882?classType=REGULAR&athbdg=L1600&from=/search
"Great Value Beef Sirloin Strips, Oven roasted, seasoned",$7.96,"21% meat protein.oven roasted, fully cooked, seasoned",https://i5.walmartimages.ca/images/Enlarge/514/729/6000202514729.jpg?odnHeight=640&odnWidth=640&odnBg=FFFFFF,In-stock,Deli & fresh meals,Walmart,https://www.walmart.ca/en/ip/great-value-beef-sirloin-strips/6000199804999?classType=REGULAR&athbdg=L3048&from=/search
Old El Paso Burrito Dinner Kit,$4.47, Ready in 20 minutes.Add chicken or a meat alternative and toppings to make your taco night a balanced one,https://i5.walmartimages.com/asr/d740f2a5-645a-4fff-b1fc-58e39973b887.b171504a5f3032ce244045551e5c24bd.jpeg?odnHeight=640&odnWidth=640&odnBg=FFFFFF,In-stock,Deli & fresh meals,Walmart,https://www.walmart.ca/en/ip/Old-El-Paso-Fajita-Dinner-Kit/6000188246702?classType=REGULAR&athbdg=L1102&from=/search
Your Fresh Market Oven Roasted Turkey Breast,$3.77,17% meat protein,https://i5.walmartimages.ca/images/Enlarge/892/516/6000203892516.jpg?odnHeight=640&odnWidth=640&odnBg=FFFFFF,In-stock,Deli & fresh meals,Walmart,https://www.walmart.ca/en/ip/your-fresh-market-smoked-turkey-breast/6000201804393?classType=REGULAR&athbdg=L3033&from=/search
Great Value Greek Yogurt Dip Tzatziki,$3.27,No description,https://i5.walmartimages.ca/images/Enlarge/171/927/6000200171927.jpg?odnHeight=640&odnWidth=640&odnBg=FFFFFF,In-stock,Deli & fresh meals,Walmart,https://www.walmart.ca/en/ip/great-value-greek-yogurt-dip-tzatziki/6000198839639?classType=REGULAR&athbdg=L1600&from=/search
Violife Dairy Free Mozzarella Style Shreds,$6.28,"Dairy Free,Gluten-Free,Vegan",https://i5.walmartimages.com/asr/1e26a961-5a10-497f-9c32-074727210572.c6a82a19be3f6793d1ff3b6868913fe9.png?odnHeight=640&odnWidth=640&odnBg=FFFFFF,In-stock,Deli & fresh meals,Walmart,https://www.walmart.ca/en/ip/Violife-Dairy-Free-Cheddar-Style-Shreds-200g/1P7VZ9NGEL2L?classType=REGULAR&athbdg=L1600&from=/search
Compliments Peanuts Roasted Salted 500 g,$5.99,No Description Available,https://media.sobeys.com/original/584541_EA_ml_primary_front_NA_VOILA_2722e712a683e942820ed40924358995922c241c.JPG,In-stock,Snacks & Candy,Sobeys,https://www.sobeys.com/products/compliments-peanuts-roasted-salted-500-g
Mott's Gluten-Free Fruitsations Apple Sauce Unsweetened 6 x 104 ml,$4.69,DescriptionUnsweetened / no added sugar. Made with real fruit. No added flavours or colours. Contains no gluten or peanuts. Certified Kosher.,https://media.sobeys.com/original/370077_EA_en_primary_front_na_081525_VOILA_fa168499349d59bc9a00e84a81a8769aac2d6034.JPG,In-stock,Snacks & Candy,Sobeys,https://www.sobeys.com/products/mott-s-gluten-free-fruitsations-apple-sauce-unsweetened-6-x-104-ml
Dare Barbie Peanut-Free Cookies Wagon Wheels 315 g,$4.13,No Description Available,https://media.sobeys.com/original/1321319_EA_en_primary_front_NA_042525_VOILA_f504c69f04c9b71e60d3291323158d5836f871cd.JPG,In-stock,Snacks & Candy,Sobeys,https://www.sobeys.com/products/dare-barbie-peanut-free-cookies-wagon-wheels-315-g
Tostitos Tortilla Chips Restaurant Style Value Size 525 g,$6.99,"DescriptionExperience the taste of authentic Tostitos Restaurant Style tortilla chips! Deliciously crisp, light-tasting and made with premium white corn, these tasty tortilla chips are the perfect dip delivery mechanism! Plus, they have an authentic taste that enhances the flavour of tons of dips and salsas. Make your next party or get-together one to remember by serving up Tostitos Restaurant Style tortilla chips! For even more added flavour, try them with Tostitos Salsa Con Queso or Tostitos Extra Hot Salsa to take this multigrain tortilla chip to the next level! <lt/>br<gt/> Whether you're enjoying a night in with your family, watching the game, or just treating yourself to a crunchy snack â€” Tostitos has the chips and dips to make your moments special. <lt/>br<gt/> Donâ€™t forget: there are many delicious varieties of Tostitos tortilla chips, dips and salsas to choose from, so thereâ€™s something for everyone and every occasion!",https://media.sobeys.com/original/1319403_EA_ml_primary_front_na_012925_VOILA_aa8727646b53a3ba67342e4bfbd662f4d1b4e708.JPG,In-stock,Snacks & Candy,Sobeys,https://www.sobeys.com/products/tostitos-tortilla-chips-restaurant-style-value-size-525-g
Doritos Tortilla Chips Cool Ranch Flavoured Value Size 400 g,$6.99,"DescriptionDoritos Cool Ranch flavoured tortilla chips are packed with big, bold flavour. Taste a burst of flavour with hints of onion, garlic, tomato and spice in a creamy, cool ranch blend. With a serious crunch, nothing comes close to the undeniably delicious taste of Doritos tortilla chips. Grab a bag to share at your next party, barbecue, or road trip. Want in on a secret? This tortilla chips are more than an awesome snack. Try pairing with a burrito bowl or add to a salad for an extra tasty twist to your meal. These chips contain zero trans fat and are gluten-free. Are you ready? If so, crunch on.",https://media.sobeys.com/original/1319402_EA_ml_primary_front_na_021125_VOILA_60c6265cb211446ed92a55311d051ce439d1f71c.JPG,In-stock,Snacks & Candy,Sobeys,https://www.sobeys.com/products/doritos-tortilla-chips-cool-ranch-flavoured-value-size-400-g
Ruffles Potato Chips All Dressed Flavoured Value Size 380 g,$6.99,"DescriptionIf youâ€™re seeking a uniquely Canadian snack with sweet, salty, and savoury all in one bag, Ruffles All Dressed flavoured potato chips are for you. Enjoy a hearty and satisfying crunch and mouth-watering taste in every bite. Ruffles is Canadaâ€™s favourite ridged potato chip brand. This Value Size bag not only packs big, bold flavour, but gives you enough to share with family and friends.",https://media.sobeys.com/original/1319366_EA_ml_primary_front_na_012925_VOILA_fd52bc2a11df0e16abac14748b99dbf47c57e9e0.JPG,In-stock,Snacks & Candy,Sobeys,https://www.sobeys.com/products/ruffles-potato-chips-all-dressed-flavoured-value-size-380-g
Miss Vickie's Kettle Cooked Potato Chips Original Recipe Value Size 325 g,$6.99,"DescriptionIf you love crunch, youâ€™ll love Miss Vickie's Original Recipe kettle cooked potato chips! They've got just the right amount of sea salt and are cooked one batch at a time for that signature Miss Vickie's crunch. Crafted with care since 1987, these chips are still kettle cooked using farm-grown potatoes and crafted with quality ingredients. Made with no trans fat, cholesterol-free, and low in saturated fat per 50 g serving. No artificial flavours or colours, no preservatives. Kosher and gluten-free. Oh, and no MSG.",https://media.sobeys.com/original/1319363_EA_ml_primary_front_na_012925_VOILA_05f036f6cb5ab911496d1e7fe9b54b4d6ce7e0a2.JPG,In-stock,Snacks & Candy,Sobeys,https://www.sobeys.com/products/miss-vickie-s-kettle-cooked-potato-chips-original-recipe-value-size-325-g
Rudolph's Swedish Light Rye Bread 680 g,$6.99,DescriptionThe finest rye bread baked in the age-old Swedish style.,https://media.sobeys.com/original/057894001521_top_VOILA_c366634add69d06e78ceec2c5f4483c31b7b6869.JPG,In-stock,Bakery,Sobeys,https://www.sobeys.com/products/rudolph-s-swedish-light-rye-bread-680-g
Rudolph's Bavarian Sandwich Bread 500 g,$6.99,DescriptionThe finest rye breads baked in the age-old Bavarian style.,https://media.sobeys.com/original/754000000025700000000038221135_VOILA_7dce4829d87462a10f6be86602f7ffb1f354a659.JPG,In-stock,Bakery,Sobeys,https://www.sobeys.com/products/rudolph-s-bavarian-sandwich-bread-500-g
Rudolph's Rye Bread Bavarian 500 g,$6.99,No Description Available,https://media.sobeys.com/original/754000000025700000000002018533_VOILA_8f84bbedb24888a6bda72eb310015b268c131515.JPG,In-stock,Bakery,Sobeys,https://www.sobeys.com/products/rudolph-s-rye-bread-bavarian-500-g
Hawaiian Ring Donut 360 g,$6.29,No Description Available,https://t.co/1/i/adsct?bci=4&dv=America%2FNew_York%26en-US%2Cen%26Google%20Inc.%26Win32%26255%261536%26864%2612%2624%261536%26864%2610%26na&eci=3&event=%7B%7D&event_id=94862702-9515-49b6-ad7c-b588f9b2bd0d&integration=gtm-base&p_id=Twitter&p_user_id=0&pl_id=f886195d-833e-4b90-9647-619972bc768b&pt=Buy%20Hawaiian%20Ring%20Donut%20360%20g%20%7C%20Sobeys%20Inc.&tw_document_href=https%3A%2F%2Fwww.sobeys.com%2Fproducts%2Fhawaiian-ring-donut-360-g&tw_iframe_status=0&txn_id=nv0y3&type=javascript&version=2.3.34,In-stock,Bakery,Sobeys,https://www.sobeys.com/products/hawaiian-ring-donut-360-g
Long John 4pk Donut 520 g,$7.29,No Description Available,https://t.co/1/i/adsct?bci=4&dv=America%2FNew_York%26en-US%2Cen%26Google%20Inc.%26Win32%26255%261536%26864%2612%2624%261536%26864%2610%26na&eci=3&event=%7B%7D&event_id=2f5a336c-1df1-4ab2-93ad-d2ada4a8c199&integration=gtm-base&p_id=Twitter&p_user_id=0&pl_id=15ba09fe-e7a7-4a91-8b0b-e486f0d1e360&pt=Buy%20Long%20John%204pk%20Donut%20520%20g%20%7C%20Sobeys%20Inc.&tw_document_href=https%3A%2F%2Fwww.sobeys.com%2Fproducts%2Flong-john-4pk-donut-520-g&tw_iframe_status=0&txn_id=nv0y3&type=javascript&version=2.3.34,In-stock,Bakery,Sobeys,https://www.sobeys.com/products/long-john-4pk-donut-520-g
Oatmeal Choc Chip Cookies 310 g,$6.29,No Description Available,https://t.co/1/i/adsct?bci=4&dv=America%2FNew_York%26en-US%2Cen%26Google%20Inc.%26Win32%26255%261536%26864%2612%2624%261536%26864%2610%26na&eci=3&event=%7B%7D&event_id=f063d454-ccd6-4091-992b-d0fe0ba97e9f&integration=gtm-base&p_id=Twitter&p_user_id=0&pl_id=a3d0748b-e6a6-4d1b-83d7-15b595678055&pt=Buy%20Oatmeal%20Choc%20Chip%20Cookies%20310%20g%20%7C%20Sobeys%20Inc.&tw_document_href=https%3A%2F%2Fwww.sobeys.com%2Fproducts%2Foatmeal-choc-chip-cookies-310-g&tw_iframe_status=0&txn_id=nv0y3&type=javascript&version=2.3.34,In-stock,Bakery,Sobeys,https://www.sobeys.com/products/oatmeal-choc-chip-cookies-310-g
Garlic Spread 240 g,$2.79,No Description Available,https://t.co/1/i/adsct?bci=4&dv=America%2FNew_York%26en-US%2Cen%26Google%20Inc.%26Win32%26255%261536%26864%2612%2624%261536%26864%2610%26na&eci=3&event=%7B%7D&event_id=0ce3a51a-4606-4eca-ae98-1381fdc38ead&integration=gtm-base&p_id=Twitter&p_user_id=0&pl_id=4cdaccc1-82e5-450a-936d-855912d0d493&pt=Buy%20Garlic%20Spread%20240%20g%20%7C%20Sobeys%20Inc.&tw_document_href=https%3A%2F%2Fwww.sobeys.com%2Fproducts%2Fgarlic-spread-240-g&tw_iframe_status=0&txn_id=nv0y3&type=javascript&version=2.3.34,In-stock,Bakery,Sobeys,https://www.sobeys.com/products/garlic-spread-240-g
Leclerc Tradition 1905 Soft Cookies Berry Harvest 280 g,$2.79,No Description Available,https://media.sobeys.com/original/25185_EA_ML_PRIMARY_FRONT_NA_060123_VOILA_5bdb36fa6a4b190d750034726eb9c3ce4e3d0897.JPG,In-stock,Bakery,Sobeys,https://www.sobeys.com/products/leclerc-tradition-1905-soft-cookies-berry-harvest-280-g
LibertÃ© Greek 2% Yogurt Black Cherry With Chocolate Pieces 650 g,$6.47,"DescriptionTaste. Made simple. Crafted the LibertÃ© way. The Stracciatella Collection gives you the benefits of Greek yogurt with the exciting mix of chocolate shavings. LibertÃ© Greek 2%. Yogurt is crafted using traditional Greek methods and strained based on the principles of old-time cheesecloth draining. The result is a Greek Yogurt with an incredibly rich and creamy texture. Requiring three times more milk than a regular yogurt, our Greek yogurt also contains twice the protein of any other traditional yogurt. LibertÃ© Greek 2%. Yogurt is delicious on it's own, with fruit or cereal, or as a versatile ingredient. This Greek yogurt features 13 grams protein per serving. LibertÃ© Greek 2%. Yogurt is high in protein and contains no gelatin and no artificial colours, flavours, or preservatives. Contains one 650 g container of yogurt.",https://www.sobeys.com/_next/image?url=%2Floader.svg&w=128&q=75,2,Dairy & Eggs,Sobeys,https://www.sobeys.com/products/libert%C3%A9-greek-2--yogurt-black-cherry-with-chocolate-pieces-650-g
LibertÃ© Greek Yogurt Mango 0% 750 g,$6.47,"DescriptionTaste. Made simple. Crafted the LibertÃ© way. LibertÃ© Greek 0% Yogurt is crafted using traditional Greek methods and strained based on the principles of old-time cheesecloth draining. The result is a Greek Yogurt with an incredibly rich and creamy texture. Requiring three times more milk than a regular yogurt, our Greek yogurt also is high in protein. Itâ€™s a source of energy and the perfect choice for a low fat diet. LibertÃ© Greek 0% Yogurt is delicious on it's own, with fruit or cereal, or as a versatile ingredient. This Greek yogurt features 14 grams protein per serving. LibertÃ© Greek 0% Yogurt contains no gelatin and no artificial colours or flavours. Contains one 750 g container of yogurt.",https://t.co/1/i/adsct?bci=4&dv=America%2FNew_York%26en-US%2Cen%26Google%20Inc.%26Win32%26255%261536%26864%2612%2624%261536%26864%2610%26na&eci=3&event=%7B%7D&event_id=01d7e187-f080-424c-a496-71054f4e56db&integration=gtm-base&p_id=Twitter&p_user_id=0&pl_id=34a489c8-0418-41b1-b361-318f9a3be01e&pt=Buy%20libert%25C3%25A9-greek-yogurt-mango-0--750-g%20%7C%20Sobeys%20Inc.&tw_document_href=https%3A%2F%2Fwww.sobeys.com%2Fproducts%2Flibert%25C3%25A9-greek-yogurt-mango-0--750-g&tw_iframe_status=0&txn_id=nv0y3&type=javascript&version=2.3.34,2,Dairy & Eggs,Sobeys,https://www.sobeys.com/products/libert%C3%A9-greek-yogurt-mango-0--750-g
LibertÃ© Greek Yogurt 0% Wild Blueberry 750 g,$6.47,"DescriptionTaste. Made simple. Crafted the LibertÃ© way. LibertÃ© Greek 0% Yogurt is crafted using traditional Greek methods and strained based on the principles of old-time cheesecloth draining. The result is a Greek Yogurt with an incredibly rich and creamy texture. Requiring three times more milk than a regular yogurt, our Greek yogurt also is high in protein. Itâ€™s a source of energy and the perfect choice for a low fat diet. LibertÃ© Greek 0% Yogurt is delicious on it's own, with fruit or cereal, or as a versatile ingredient. This Greek yogurt features 14 grams protein per serving. LibertÃ© Greek 0% Yogurt contains no gelatin and no artificial colours or flavours. Contains one 750 g container of yogurt.",https://t.co/1/i/adsct?bci=4&dv=America%2FNew_York%26en-US%2Cen%26Google%20Inc.%26Win32%26255%261536%26864%2612%2624%261536%26864%2610%26na&eci=3&event=%7B%7D&event_id=e5caebbb-c275-4613-8ec9-effd377ea672&integration=gtm-base&p_id=Twitter&p_user_id=0&pl_id=63a8e151-4f75-4ea4-b571-a57046cc7e08&pt=Buy%20libert%25C3%25A9-greek-yogurt-0--wild-blueberry-750-g%20%7C%20Sobeys%20Inc.&tw_document_href=https%3A%2F%2Fwww.sobeys.com%2Fproducts%2Flibert%25C3%25A9-greek-yogurt-0--wild-blueberry-750-g&tw_iframe_status=0&txn_id=nv0y3&type=javascript&version=2.3.34,2,Dairy & Eggs,Sobeys,https://www.sobeys.com/products/libert%C3%A9-greek-yogurt-0--wild-blueberry-750-g
Compliments 0% Greek Yogurt Plain 650 g,$6.99,No Description Available,https://media.sobeys.com/original/055742550498_VOILA_9a09df2d25d7b3ad039645ed77812589a2c217eb.JPG,In-stock,Dairy & Eggs,Sobeys,https://www.sobeys.com/products/compliments-0--greek-yogurt-plain-650-g
Compliments 0% Greek Yogurt Strawberry 4 x 100 g,$3.99,No Description Available,https://media.sobeys.com/original/055742550443_VOILA_a1757d60a0cd2fb9a9f3d9431a079dbc0b7ccaf6.JPG,In-stock,Dairy & Eggs,Sobeys,https://www.sobeys.com/products/compliments-0--greek-yogurt--strawberry-4-x-100-g
Coffee Mate Lactose-Free Coffee Whitener Hazelnut 946 ml,$6.99,"DescriptionPerfect your coffee with a Hazelnut Flavored creamer that is triple churned and 2x richer than milk. This non-dairy coffee creamer is lactose-free, cholesterol-free, and gluten-free. Rich and smooth, our amazing Hazelnut creamer is a sweet sip that pleases.",https://media.sobeys.com/original/763601_EA_ml_primary_front_na_032625_VOILA_2552aa601569a56e28e3a81c939722b09eabc207.JPG,In-stock,Dairy & Eggs,Sobeys,https://www.sobeys.com/products/coffee-mate-lactose-free-coffee-whitener-hazelnut-946-ml
LibertÃ© Greek 0% Yogurt Vanilla High Protein 750 g,$6.47,"DescriptionTaste. Made simple. Crafted the LibertÃ© way. LibertÃ© Greek 0% Yogurt is crafted using traditional Greek methods and strained based on the principles of old-time cheesecloth draining. The result is a Greek Yogurt with an incredibly rich and creamy texture. Requiring three times more milk than a regular yogurt, our Greek yogurt also is high in protein. Itâ€™s a source of energy and the perfect choice for a low fat diet. LibertÃ© Greek 0% Yogurt is delicious on it's own, with fruit or cereal, or as a versatile ingredient. This Greek yogurt features 14 grams protein per serving. LibertÃ© Greek 0% Yogurt contains no gelatin and no artificial colours or flavours. Contains one 750 g container of yogurt.",https://t.co/1/i/adsct?bci=4&dv=America%2FNew_York%26en-US%2Cen%26Google%20Inc.%26Win32%26255%261536%26864%2612%2624%261536%26864%2610%26na&eci=3&event=%7B%7D&event_id=58e41bf2-c3b1-48cf-851e-880bd500bab5&integration=gtm-base&p_id=Twitter&p_user_id=0&pl_id=730db571-6842-4472-b4ca-0cbf6bc68a7d&pt=Buy%20libert%25C3%25A9-greek-0--yogurt-vanilla-high-protein-750-g%20%7C%20Sobeys%20Inc.&tw_document_href=https%3A%2F%2Fwww.sobeys.com%2Fproducts%2Flibert%25C3%25A9-greek-0--yogurt-vanilla-high-protein-750-g&tw_iframe_status=0&txn_id=nv0y3&type=javascript&version=2.3.34,2,Dairy & Eggs,Sobeys,https://www.sobeys.com/products/libert%C3%A9-greek-0--yogurt-vanilla-high-protein-750-g
LibertÃ© Greek 5% Extra Creamy Yogurt Vanilla Bean High Protein 650 g,$6.47,"DescriptionRequiring three times more milk than a regular yogurt, Liberte Greek yogurt also contains twice the protein of any other regular yogurt. Itâ€™s an excellent source of energy.",https://t.co/1/i/adsct?bci=4&dv=America%2FNew_York%26en-US%2Cen%26Google%20Inc.%26Win32%26255%261536%26864%2612%2624%261536%26864%2610%26na&eci=3&event=%7B%7D&event_id=32636a9f-ac28-413a-bdff-81fa8f61e05d&integration=gtm-base&p_id=Twitter&p_user_id=0&pl_id=8a1e23f3-ebf4-457e-9e7c-b0ebcd3beb3f&pt=Buy%20libert%25C3%25A9-greek-5--extra-creamy-yogurt-vanilla-bean-high-protein-650-g%20%7C%20Sobeys%20Inc.&tw_document_href=https%3A%2F%2Fwww.sobeys.com%2Fproducts%2Flibert%25C3%25A9-greek-5--extra-creamy-yogurt-vanilla-bean-high-protein-650-g&tw_iframe_status=0&txn_id=nv0y3&type=javascript&version=2.3.34,2,Dairy & Eggs,Sobeys,https://www.sobeys.com/products/libert%C3%A9-greek-5--extra-creamy-yogurt-vanilla-bean-high-protein-650-g
LibertÃ© Greek 2% Yogurt Peach High Protein 750 g,$6.47,"DescriptionTaste. Made simple. Crafted the LibertÃ© way. LibertÃ© Greek 2% Yogurt is crafted using traditional Greek methods and strained based on the principles of old-time cheesecloth draining. The result is a Greek Yogurt with an incredibly rich and creamy texture. Requiring three times more milk than a regular yogurt, our Greek yogurt is high in protein. LibertÃ© Greek 2% Yogurt is delicious on it's own, with fruit or cereal, or as a versatile ingredient. This Greek yogurt features 13 grams protein per serving. LibertÃ© Greek 2% Yogurt contains no gelatin and no artificial colours or flavours. Contains one 750 g container of yogurt.",https://t.co/1/i/adsct?bci=4&dv=America%2FNew_York%26en-US%2Cen%26Google%20Inc.%26Win32%26255%261536%26864%2612%2624%261536%26864%2610%26na&eci=3&event=%7B%7D&event_id=dd5e3183-1f83-4afa-a0a9-a030402deba0&integration=gtm-base&p_id=Twitter&p_user_id=0&pl_id=a5fe3146-9ca2-4b7c-9660-bc367ef57a74&pt=Buy%20libert%25C3%25A9-greek-2--yogurt-peach-high-protein-750-g%20%7C%20Sobeys%20Inc.&tw_document_href=https%3A%2F%2Fwww.sobeys.com%2Fproducts%2Flibert%25C3%25A9-greek-2--yogurt-peach-high-protein-750-g&tw_iframe_status=0&txn_id=nv0y3&type=javascript&version=2.3.34,2,Dairy & Eggs,Sobeys,https://www.sobeys.com/products/libert%C3%A9-greek-2--yogurt-peach-high-protein-750-g
Becel Margarine Buttery 1.28 kg,$16.99,"DescriptionThe rich and creamy taste of Becel Buttery is great for spreading, cooking and baking, and can be used as a 1:1 swap for butter in your favourite sweet or savoury dishes. A healthy diet low in saturated and trans fats may reduce the risk of heart disease. Becel is low in saturated fat and has no trans fat. No artificial preservatives, flavours or colours. Made with plant-based oils. Lifestyle & Dietary Needs: Kosher, Gluten-free, No artificial preservatives, No trans fat, Cholesterol free, Low in saturated fat, Non-hydrogenated, Source of omega-3.",https://media.sobeys.com/original/525572_EA_en_primary_front_013123_VS_VOILA_20f13f99c8649e294701558b805845e2b6c3b0c5.JPG,In-stock,Dairy & Eggs,Sobeys,https://www.sobeys.com/products/becel-margarine-buttery-1%252E28-kg
Compliments 14% Sour Cream 500 ml,$3.49,No Description Available,https://media.sobeys.com/original/504743_EA_ml_primary_front_010924_VOILA_4af9af644f59597b3557929b26740f5f80e85752.JPG,In-stock,Dairy & Eggs,Sobeys,https://www.sobeys.com/products/compliments-14--sour-cream-500-ml
Indian Eggplant,$4.39,No Description Available,https://media.sobeys.com/original/183878_KG_ml_primary_na_na_012925_PHP_VOILA_0accb8a5870316cb7c59dde69eec426bcf719364.JPG,In-stock,Fruits & Vegetables,Sobeys,https://www.sobeys.com/products/indian-eggplant
Halves Honeydew 1 Count,$8.99,No Description Available,https://media.sobeys.com/original/729577_EA_ml_primary_front_na_VOILA_c8c661f87c12736834e26480e1db1608d334ca61.JPG,In-stock,Fruits & Vegetables,Sobeys,https://www.sobeys.com/products/halves-honeydew-1-count
Halves Cantaloupe 1 EA,$4.99,No Description Available,https://media.sobeys.com/original/729574_EA_ml_primary_front_na_VOILA_7ef0357d0e53acc36f73c131199cf491756e9295.JPG,In-stock,Fruits & Vegetables,Sobeys,https://www.sobeys.com/products/halves-cantaloupe-1-ea
Compliments Fresh Dill 20 g,$3.49,No Description Available,https://media.sobeys.com/original/130329_EA_ml_primary_front_040123_VOILA_76f5aed2aa6625500f9f38bc9b6d118fbc630b75.JPG,In-stock,Fruits & Vegetables,Sobeys,https://www.sobeys.com/products/compliments-fresh-dill-20-g
Compliments Salad Elbow Macaroni 908 g,$8.29,No Description Available,https://media.sobeys.com/original/758293_EA_ml_primary_front_110222_VS_VOILA_fc2c90efadda3638c519b4dfd52d5dab02f2b5ea.JPG,In-stock,Fruits & Vegetables,Sobeys,https://www.sobeys.com/products/compliments-salad-elbow-macaroni-908-g
Renees Vinaigrette Spring Herb Italian 350 ml,$6.99,"DescriptionRenÃ©eâ€™s vinaigrette delivers an exceptional homemade flavour that will complement your meals! Renees spring herb Italian vinaigrette has a delicate, flavourful taste and has no artificial colours or flavours. Made with oregano, basil, and garlic, RenÃ©eâ€™s Spring Herb Italian Vinaigrette is perfect for a saucy chicken Italiano or a decadent salad. You can even use Renees vinaigrette as a delightful dipping sauce for vegetables.",https://media.sobeys.com/original/112226_EA_ml_na_left_na_VOILA_860883122583dcdb35b46345065c626de91ebe0c.JPG,In-stock,Fruits & Vegetables,Sobeys,https://www.sobeys.com/products/renees-vinaigrette-spring-herb-italian-350-ml
Tomatoes Medley Pint,$5.99,No Description Available,https://media.sobeys.com/original/967853_EA_ml_primary_front_na_040625_VOILA_a8327c7c04c65111793dd62e91ef21d5484b3bff.JPG,In-stock,Fruits & Vegetables,Sobeys,https://www.sobeys.com/products/tomatoes-medley-pint
Starbucks House Blend Coffee Keurig Coffee Pods K-cups 115 g,$16.99,"DescriptionSTARBUCKS House Blend Keurig coffee pods are balanced and smooth with notes of toffee and dusted cocoa. Designed for use with the Keurig Single Cup Brewing System, this medium roast delivers exceptional coffee, cup after cup.",https://media.sobeys.com/original/1319426_EA_en_primary_front_020725_VOILA_c3fc521871fa8c33035db0c660dd9fe1fc677ab1.JPG,In-stock,Drinks,Sobeys,https://www.sobeys.com/products/starbucks-house-blend-coffee-keurig-coffee-pods-k-cups-115-g
Tetley Black Tea Orange Pekoe 216 Tea Bags,$11.99,No Description Available,https://media.sobeys.com/original/1287242_EA_ml_primary_front_092324_VOILA_ab6e040a6cd713e88e70f7c30eecf90dcc98803e.JPG,In-stock,Drinks,Sobeys,https://www.sobeys.com/products/tetley-black-tea-orange-pekoe-216-tea-bags
Minute Maid Zero Sugar Fruit Punch 1.54 L (bottle),$5.49,No Description Available,https://media.sobeys.com/original/964494_EA_ml_primary_front_na_VOILA_033c76cfbb018ab5f8a6a769185827c52fda6de9.JPG,In-stock,Drinks,Sobeys,https://www.sobeys.com/products/minute-maid-zero-sugar-fruit-punch-1%252E54-l-(bottle)
Simply Lemonade With Raspberry 1.54 L (bottle),$5.99,"DescriptionThe refreshing taste of Simply LemonadeÂ® combined with sweet raspberries. Made with simple, all-natural ingredients and never concentrated.",https://media.sobeys.com/original/950910_EA_en_primary_front_na_073025_VOILA_3948447ca52c4be814a3b72fb496c913b9a9d405.JPG,In-stock,Drinks,Sobeys,https://www.sobeys.com/products/simply-lemonade-with-raspberry-1%252E54-l-(bottle)
Simply 50â„¢ Orange Juice 1.54 L (bottle),$7.49,DescriptionSimply50â„¢ is a delicious orange juice beverage with 50% less sugar and calories than regular orange juice and 50 calories per 250ml serving.,https://t.co/1/i/adsct?bci=4&dv=America%2FNew_York%26en-US%2Cen%26Google%20Inc.%26Win32%26255%261536%26864%2612%2624%261536%26864%2610%26na&eci=3&event=%7B%7D&event_id=1f208dd1-b346-4cf5-a1a1-5e60453d2c1a&integration=gtm-base&p_id=Twitter&p_user_id=0&pl_id=612a678e-6362-4acc-adbd-2a5cb5dae4f2&pt=Buy%20simply-50%25E2%2584%25A2-orange-juice-1.54-l-(bottle)%20%7C%20Sobeys%20Inc.&tw_document_href=https%3A%2F%2Fwww.sobeys.com%2Fproducts%2Fsimply-50%25E2%2584%25A2-orange-juice-1%25252E54-l-(bottle)&tw_iframe_status=0&txn_id=nv0y3&type=javascript&version=2.3.34,In-stock,Drinks,Sobeys,https://www.sobeys.com/products/simply-50%E2%84%A2-orange-juice-1%252E54-l-(bottle)
Compliments Juice Apple 1.54 L (bottle),$4.99,No Description Available,https://media.sobeys.com/original/656026_EA_ml_primary_front_VOILA_d960b371a6e93ff6fcd5de1beea4e0108aa41722.JPG,2,Drinks,Sobeys,https://www.sobeys.com/products/compliments-juice-apple-1%252E54-l-(bottle)
Simply Juice Calcium Orange 1.54 L (bottle),$7.49,DescriptionA delicious 100% Pure & Natural Orange juice with Calcium. Fortified with calcium for people who do not drink milk. Made with simple ingredients and never sweetened or concentrated.,https://media.sobeys.com/original/754803_EA_en_primary_front_na_073025_VOILA_7f823856da241b60117ce19624ba57484a185766.JPG,In-stock,Drinks,Sobeys,https://www.sobeys.com/products/simply-juice-calcium-orange-1%252E54-l-(bottle)
HÃ¤agen-Dazs Ice Cream Dulce De Leche 450 ml,$6.99,No Description Available,https://t.co/1/i/adsct?bci=4&dv=America%2FNew_York%26en-US%2Cen%26Google%20Inc.%26Win32%26255%261536%26864%2612%2624%261536%26864%2610%26na&eci=3&event=%7B%7D&event_id=b717eea6-11a9-4e2a-b5b6-abb4e33f3ba1&integration=gtm-base&p_id=Twitter&p_user_id=0&pl_id=0c0b0280-b838-4ec7-ab4f-97ab22213c00&pt=Buy%20h%25C3%25A4agen-dazs-ice-cream-dulce-de-leche-450-ml%20%7C%20Sobeys%20Inc.&tw_document_href=https%3A%2F%2Fwww.sobeys.com%2Fproducts%2Fh%25C3%25A4agen-dazs-ice-cream-dulce-de-leche-450-ml&tw_iframe_status=0&txn_id=nv0y3&type=javascript&version=2.3.34,In-stock,Frozen,Sobeys,https://www.sobeys.com/products/h%C3%A4agen-dazs-ice-cream-dulce-de-leche-450-ml
Haagen-Dazs Extraaz Ice Cream Caramel Cone Explosion 450 ml,$6.99,"DescriptionDiscover HÃ„AGEN-DAZS EXTRÃ„AZ Caramel Cone Explosion! This decadent dessert features creamy caramel ice cream, almond pralines, and crunchy chocolatey-dipped cone pieces. Made with Canadian dairy and no artificial colours or flavours, each bite is perfectly distinct, caramel-laced, and delicious!",https://media.sobeys.com/original/3218_EA_ml_primary_front_na_032625_VOILA_9e121c742f74a03766a6e2d2f199a96109dbb768.JPG,In-stock,Frozen,Sobeys,https://www.sobeys.com/products/haagen-dazs-extraaz-ice-cream-caramel-cone-explosion-450-ml
Marie Callender's Cheesy Chicken & Broccoli Multi Serve Frozen Meal 680 g,$10.79,No Description Available,https://media.sobeys.com/original/031000009168_ml_VOILA_552af4efea6a687b83ee1297a00a0b1256be6365.JPG,In-stock,Frozen,Sobeys,https://www.sobeys.com/products/marie-callender-s-cheesy-chicken---broccoli-multi-serve-frozen-meal-680-g
Snowcrest Frozen Fruit Wild Blueberries 500 g,$6.99,No Description Available,https://media.sobeys.com/original/1333272_EA_ml_primary_front_na_031325_VOILA_c18ac129f0f6484c6f94c4408f506e2143e98669.JPG,2,Frozen,Sobeys,https://www.sobeys.com/products/snowcrest-frozen-fruit-wild-blueberries-500-g
Daiya Dairy-Free Vegan Frozen Cheesecake Dessert New York 400 g,$7.99,"DescriptionRich, velvety, and deeply satisfying, this New York vegan cheesecake is a true classic, infused with real vanilla and lots of dairy free love. The hint of sweetness in the artisan crust. The rich temptation of the creamy filling. One little taste and you'll fall in love. Certified Gluten Free and Plant Based, and free from soy and egg.",https://media.sobeys.com/original/663148_EA_ml_primary_front_NA_091625_VOILA_e535b0645557c712a07c5849b2bbb0a58282e68d.JPG,In-stock,Frozen,Sobeys,https://www.sobeys.com/products/daiya-dairy-free-vegan-frozen-cheesecake-dessert-new-york-400-g
Compliments Smoked Black Forest Ham 175 g,$6.79,No Description Available,https://media.sobeys.com/original/59943_EA_ml_primary_front_012924_VOILA_6828f882094ae7ddf49ee912dc19ce9f2f832ae1.JPG,2,Meat,Sobeys,https://www.sobeys.com/products/compliments-smoked-black-forest-ham-175-g
Schneiders 97% Fat Free Lower Sodium Smoked Ham 700 g,$13.99,"DescriptionSchneiders 97% Fat Free Lower Sodium Smoked Ham is an intensely flavourful ham, but with less fat and sodium. Made with fresh, hand-trimmed cuts of pork, this extra-lean ham is 97 percent fat free and contains 25 percent less sodium than Schneiders Original Ham. Like the original, this boneless ham is perfectly cured for over four hours for juicy flavour in every bite. This smoked ham is great in sandwiches or on its own, sliced thick and served with spicy mustard. Since 1890, Schneiders Foods has established a rich heritage of original and authentic recipes, using premium ingredients and taking all the time needed to honour the origin and inspiration of each recipe. Quality never gets old.",https://media.sobeys.com/original/791203_EA_ml_na_front_na_052924_VOILA_be5cb0514fd104a1289094e3e68205ab44447f34.JPG,In-stock,Meat,Sobeys,https://www.sobeys.com/products/schneiders-97--fat-free-lower-sodium-smoked-ham-700-g
Schneiders Deli Half Ham Original 700 g,$13.99,"DescriptionSchneiders Original Half Ham is made with a classic family recipe that has become a time-honoured tradition. Great sliced in sandwiches, cubed in salads, roasted whole and more, this ham is a versatile favourite with the perfect blend of salty and sweet. Each boneless ham is sourced from the tastiest cuts of the hindquarter, blended to get just the right ratio of meatiness and juiciness. Next, the unsliced ham is cured in water, salt, and brown sugar, and smoked over hardwood for over six hours, resulting in a rich, satisfying flavour that Schneiders brand has built its reputation on. Since 1890, Schneiders brand has established a rich heritage of original and authentic recipes, using premium ingredients and taking all the time needed to honour the origin and inspiration of each recipe. Quality never gets old.",https://media.sobeys.com/original/791090_EA_ml_na_front_na_052924_VOILA_1a6d8d81ebce92b6bcd9d49530141314cdb68a8b.JPG,In-stock,Meat,Sobeys,https://www.sobeys.com/products/schneiders-deli-half-ham-original-700-g
Compliments Bacon Fully Cooked Naturally Smoked 65 g,$8.29,"DescriptionThe salty, smoky, satisfying flavour of bacon lends itself to almost any dish â€” even dessert! Having fully cooked bacon in the pantry means youâ€™ll always have some to crumble over salads and side dishes, or to make breakfast sandwiches in a flash on busy mornings. For a fast and easy appetizer, try wrapping slices of bacon around pitted dates or water chestnuts and bake until warm.",https://media.sobeys.com/original/158981_EA_ml_primary_front_112624_VOILA_e7920161b1bc4f13c8ae973e19d825a77338d4e6.JPG,In-stock,Meat,Sobeys,https://www.sobeys.com/products/compliments-bacon-fully-cooked-naturally-smoked-65-g
Compliments Frozen Pork Breakfast Sausage Original 375 g,$5.49,No Description Available,https://media.sobeys.com/original/1320171_EA_ml_primary_front_012825_VOILA_b59af741199fe3340268dbf5c80b565d248df05b.JPG,In-stock,Meat,Sobeys,https://www.sobeys.com/products/compliments-frozen-pork-breakfast-sausage-original-375-g
Compliments Frozen Pork Sausage Honey Garlic 500 g,$5.49,No Description Available,https://media.sobeys.com/original/1320167_EA_ml_primary_front_012825_VOILA_0df007c523ae9be83f63049a75ac7cdf90f5732f.JPG,In-stock,Meat,Sobeys,https://www.sobeys.com/products/compliments-frozen-pork-sausage-honey-garlic-500-g
Bananas,$1.49,No Description Available,https://digital.loblaws.ca/PCX/20175355001_KG/en/1/20175355001_enfr_front_v1_400.png,In-stock,Fruits & Vegetables,No Frills,https://www.nofrills.ca/en/bananas-bunch/p/20175355001_KG?source=nspt
English Cucumber 1 ea,$1.69,No Description Available,https://digital.loblaws.ca/PCX/20070132001_EA/en/1/20070132001_en_front_v1_400.png,In-stock,Fruits & Vegetables,No Frills,https://www.nofrills.ca/en/english-cucumber/p/20070132001_EA?source=nspt
Extra Large Green Seedless Grapes $6.59/1kg $2.99/1lb,$6.72,No Description Available,https://digital.loblaws.ca/PCX/20425775001_KG/en/1/20425775001_en_front_v1_400.png,In-stock,Fruits & Vegetables,No Frills,https://www.nofrills.ca/en/extra-large-green-seedless-grapes/p/20425775001_KG?source=nspt
Red Seedless Grapes $6.59/1kg $2.99/1lb,$6.52,No Description Available,https://digital.loblaws.ca/PCX/20159199001_KG/en/1/20159199001_en_front_400.png,In-stock,Fruits & Vegetables,No Frills,https://www.nofrills.ca/en/red-seedless-grapes/p/20159199001_KG?source=nspt
Farmer's Market Avocado Bag 1 ea,$2.99,No Description Available,https://digital.loblaws.ca/PCX/21644936001_EA/en/1/21644936001_en_front_400.png,In-stock,Fruits & Vegetables,No Frills,https://www.nofrills.ca/en/avocado-bag/p/21644936001_EA?source=nspt
No Name Large Grade A Eggs 12 ea,$3.99,No Description Available,https://digital.loblaws.ca/PCX/20812144001_EA/en/1/20812144001_en_front_400.png,In-stock,Fruits & Vegetables,No Frills,https://www.nofrills.ca/en/large-grade-a-eggs/p/20812144001_EA?source=nspt
Tomato On The Vine Red (1 Bunch) $4.39/1kg $1.99/1lb,$3.12,No Description Available,https://digital.loblaws.ca/PCX/20026703001_KG/en/1/20026703001_en_front_400.png,In-stock,Fruits & Vegetables,No Frills,https://www.nofrills.ca/en/tomato-on-the-vine-red-1-bunch/p/20026703001_KG?source=nspt
Farmer's Market Yellow Onions,$3.49,No Description Available,https://digital.loblaws.ca/PCX/20811994001_EA/en/1/20811994001_en_front_400.png,In-stock,Fruits & Vegetables,No Frills,https://www.nofrills.ca/en/yellow-onions-3-lb-bag/p/20811994001_EA?source=nspt
Raspberries Half Pint 170 g,$3.99,No Description Available,https://digital.loblaws.ca/PCX/20128938001_EA/en/1/20128938001_enfr_front_400.png,In-stock,Fruits & Vegetables,No Frills,https://www.nofrills.ca/en/raspberries-half-pint/p/20128938001_EA?source=nspt
Roma Tomatoes $6.15/1kg $2.79/1lb,$0.74,No Description Available,https://digital.loblaws.ca/PCX/20143381001_KG/en/1/20143381001_enfr_front_v1_400.png,In-stock,Fruits & Vegetables,No Frills,https://www.nofrills.ca/en/roma-tomatoes/p/20143381001_KG?source=nspt
Celery Stalks 1 ea,$2.99,No Description Available,https://digital.loblaws.ca/PCX/20163119001_EA/en/1/20163119001_en_front_400.png,In-stock,Fruits & Vegetables,No Frills,https://www.nofrills.ca/en/celery-stalks/p/20163119001_EA?source=nspt
Cilantro 1 ea,$1.29,No Description Available,https://digital.loblaws.ca/PCX/20091825001_EA/en/1/20091825001_en_front_400.png,In-stock,Fruits & Vegetables,No Frills,https://www.nofrills.ca/en/cilantro/p/20091825001_EA?source=nspt
Broccoli Crown 1 ea,$1.99,No Description Available,https://digital.loblaws.ca/PCX/21121560001_EA/en/1/21121560001_enfr_front_400.png,In-stock,Fruits & Vegetables,No Frills,https://www.nofrills.ca/en/broccoli-crown/p/21121560001_EA?source=nspt
Cauliflower 1 ea,$3.99,No Description Available,https://digital.loblaws.ca/PCX/20135377001_EA/en/1/20135377001_enfr_front_400.png,In-stock,Fruits & Vegetables,No Frills,https://www.nofrills.ca/en/cauliflower/p/20135377001_EA?source=nspt
Strawberries 1LB 454 g,$6.99,No Description Available,https://digital.loblaws.ca/PCX/20049778001_EA/en/1/20049778001_enfr_front_v1_400.png,In-stock,Fruits & Vegetables,No Frills,https://www.nofrills.ca/en/strawberries-1lb/p/20049778001_EA?source=nspt
Farmer's Market Carrots,$3.49,No Description Available,https://digital.loblaws.ca/PCX/20600927001_EA/en/1/20600927001_en_front_v1_400.png,In-stock,Fruits & Vegetables,No Frills,https://www.nofrills.ca/en/carrots-3-lb-bag/p/20600927001_EA?source=nspt
Blueberries Half Pint 170 g,$3.99,No Description Available,https://digital.loblaws.ca/PCX/20152465001_EA/en/1/20152465001_en_front_400.png,In-stock,Fruits & Vegetables,No Frills,https://www.nofrills.ca/en/blueberries-half-pint/p/20152465001_EA?source=nspt
Lemon 1 ea,$0.99,No Description Available,https://digital.loblaws.ca/PCX/20028593001_EA/en/1/20028593001_en_front_400.png,In-stock,Fruits & Vegetables,No Frills,https://www.nofrills.ca/en/lemon/p/20028593001_EA?source=nspt
PC Organics Organic Bananas,$2.42,No Description Available,https://digital.loblaws.ca/PCX/20139509001_KG/en/1/20139509001_enfr_front_400.png,In-stock,Fruits & Vegetables,No Frills,https://www.nofrills.ca/en/organic-bananas-bunch/p/20139509001_KG?source=nspt
Ginger $6.59/1kg $2.99/1lb,$1.38,No Description Available,https://digital.loblaws.ca/PCX/20179038001_KG/en/1/20179038001_en_front_400.png,In-stock,Fruits & Vegetables,No Frills,https://www.nofrills.ca/en/ginger/p/20179038001_KG?source=nspt
Sweet Potato $2.84/1kg $1.29/1lb,$1.79,No Description Available,https://digital.loblaws.ca/PCX/20127708001_KG/en/1/20127708001_en_front_400.png,In-stock,Fruits & Vegetables,No Frills,https://www.nofrills.ca/en/sweet-potato/p/20127708001_KG?source=nspt
President's Choice Whole White Mushrooms 227 g,$2.49,No Description Available,https://digital.loblaws.ca/PCX/20776239_EA/en/1/20776239_en_front_400.png,In-stock,Fruits & Vegetables,No Frills,https://www.nofrills.ca/en/whole-white-mushrooms/p/20776239_EA?source=nspt
Farmer's Market Russet Potatoes,$3.99,No Description Available,https://digital.loblaws.ca/PCX/20601020001_EA/en/1/20601020001_en_front_v1_400.png,In-stock,Fruits & Vegetables,No Frills,https://www.nofrills.ca/en/russet-potatoes-10-lb-bag/p/20601020001_EA?source=nspt
Red Peppers     $8.80/1kg $3.99/1lb,$2.11,No Description Available,https://digital.loblaws.ca/PCX/20007535001_KG/en/1/20007535001_en_front_400.png,In-stock,Fruits & Vegetables,No Frills,https://www.nofrills.ca/en/red-peppers/p/20007535001_KG?source=nspt
Farmer's Market Mini Cucumbers 6 ea,$1.67,No Description Available,https://digital.loblaws.ca/PCX/20737570001_EA/en/1/20737570001_en_front_400.png,In-stock,Fruits & Vegetables,No Frills,https://www.nofrills.ca/en/mini-cucumbers/p/20737570001_EA?source=nspt
Tomato Beefsteak  Red $4.39/1kg $1.99/1lb,$1.18,No Description Available,https://digital.loblaws.ca/PCX/20426141001_KG/en/1/20426141001_enfr_front_v1_400.png,In-stock,Fruits & Vegetables,No Frills,https://www.nofrills.ca/en/tomato-beefsteak-red/p/20426141001_KG?source=nspt
Sweet Green Peppers $8.80/1kg $3.99/1lb,$2.16,No Description Available,https://digital.loblaws.ca/PCX/20425893001_KG/en/1/20425893001_enfr_front_v1_400.png,In-stock,Fruits & Vegetables,No Frills,https://www.nofrills.ca/en/sweet-green-peppers/p/20425893001_KG?source=nspt
Rooster Garlic Bulbs,$0.99,No Description Available,https://digital.loblaws.ca/PCX/21004355001_EA/en/1/21004355001_en_front_400.png,In-stock,Fruits & Vegetables,No Frills,https://www.nofrills.ca/en/garlic-bulbs-3-count/p/21004355001_EA?source=nspt
Neilson 2% Milk 4 l,$6.25,No Description Available,https://digital.loblaws.ca/PCX/20188873_EA/en/1/20188873_en_front_400.png,In-stock,Fruits & Vegetables,No Frills,https://www.nofrills.ca/en/2-milk/p/20188873_EA?source=nspt
Farmer's Market Sweet Baby Peppers (4-Pack) 1 ea,$4.29,No Description Available,https://digital.loblaws.ca/PCX/20117550001_EA/en/1/20117550001_en_front_v1_400.png,In-stock,Fruits & Vegetables,No Frills,https://www.nofrills.ca/en/sweet-baby-peppers-4-pack/p/20117550001_EA?source=nspt
Red Onion $5.49/1kg $2.49/1lb,$2.03,No Description Available,https://digital.loblaws.ca/PCX/20134101001_KG/en/1/20134101001_en_front_400.png,In-stock,Fruits & Vegetables,No Frills,https://www.nofrills.ca/en/red-onion/p/20134101001_KG?source=nspt
Farmer's Market Grape Tomatoes 283 g,$2.99,No Description Available,https://digital.loblaws.ca/PCX/21367888001_EA/en/1/21367888001_en_front_400.png,In-stock,Fruits & Vegetables,No Frills,https://www.nofrills.ca/en/grape-tomatoes/p/21367888001_EA?source=nspt
Zucchini $6.59/1kg $2.99/1lb,$1.85,No Description Available,https://digital.loblaws.ca/PCX/20426596001_KG/en/1/20426596001_en_front_400.png,In-stock,Fruits & Vegetables,No Frills,https://www.nofrills.ca/en/zucchini/p/20426596001_KG?source=nspt
Broccoli 1 ea,$3.29,No Description Available,https://digital.loblaws.ca/PCX/20145621001_EA/en/1/20145621001_enfr_front_400.png,In-stock,Fruits & Vegetables,No Frills,https://www.nofrills.ca/en/broccoli/p/20145621001_EA?source=nspt
Avocado 1 ea,$1.49,No Description Available,https://digital.loblaws.ca/PCX/21097012001_EA/en/1/21097012001_en_front_400.png,In-stock,Fruits & Vegetables,No Frills,https://www.nofrills.ca/en/avocado/p/21097012001_EA?source=nspt
Blueberries 1 pint 1 ea,$6.99,No Description Available,https://digital.loblaws.ca/PCX/20080137001_EA/en/1/20080137001_enfr_front_400.png,In-stock,Fruits & Vegetables,No Frills,https://www.nofrills.ca/en/blueberries-1-pint/p/20080137001_EA?source=nspt
Navel Orange $5.49/1kg $2.49/1lb,$1.92,No Description Available,https://digital.loblaws.ca/PCX/20426078001_KG/en/1/20426078001_enfr_front_v1_400.png,In-stock,Fruits & Vegetables,No Frills,https://www.nofrills.ca/en/navel-orange/p/20426078001_KG?source=nspt
Limes 1 ea,$0.89,No Description Available,https://digital.loblaws.ca/PCX/20040489001_EA/en/1/20040489001_en_front_v2_400.png,In-stock,Fruits & Vegetables,No Frills,https://www.nofrills.ca/en/limes/p/20040489001_EA?source=nspt
Orchard Run Gala Apples $1.52/1kg $0.69/1lb,$0.32,No Description Available,https://digital.loblaws.ca/PCX/21160658001_KG/en/1/21160658001_en_front_400.png,In-stock,Fruits & Vegetables,No Frills,https://www.nofrills.ca/en/orchard-run-gala-apples/p/21160658001_KG?source=nspt
No Name Naturally Imperfect Mixed Sweet Peppers 2.5lb Bag 1.113 kg,$7.00,No Description Available,https://digital.loblaws.ca/PCX/20921434001_EA/en/1/20921434001_en_front_v1_400.png,In-stock,Fruits & Vegetables,No Frills,https://www.nofrills.ca/en/naturally-imperfect-mixed-sweet-peppers-2-5lb-bag/p/20921434001_EA?source=nspt
Sweet Onion $4.41/1kg $2.00/1lb,$2.03,No Description Available,https://digital.loblaws.ca/PCX/20083454001_KG/en/1/20083454001_en_front_400.png,In-stock,Fruits & Vegetables,No Frills,https://www.nofrills.ca/en/sweet-onion/p/20083454001_KG?source=nspt
Cabbage,$3.66,No Description Available,https://digital.loblaws.ca/PCX/20793034001_KG/en/1/20793034001_enfr_front_400.png,In-stock,Fruits & Vegetables,No Frills,https://www.nofrills.ca/en/cabbage-green/p/20793034001_KG?source=nspt
Farmer's Market Mandarin,$6.99,No Description Available,https://digital.loblaws.ca/PCX/20054025001_EA/en/1/20054025001_en_front_400.png,In-stock,Fruits & Vegetables,No Frills,https://www.nofrills.ca/en/mandarin-4-lb-bag/p/20054025001_EA?source=nspt
Farmer's Market Yellow Potato,$3.99,No Description Available,https://digital.loblaws.ca/PCX/20601017001_EA/en/1/20601017001_en_front_v1_400.png,In-stock,Fruits & Vegetables,No Frills,https://www.nofrills.ca/en/yellow-potato-10-lb-bag/p/20601017001_EA?source=nspt
Lactantia Salted Butter 454 g,$7.50,No Description Available,https://digital.loblaws.ca/PCX/20639926_EA/en/1/20639926_en_front_400.png,In-stock,Fruits & Vegetables,No Frills,https://www.nofrills.ca/en/salted-butter/p/20639926_EA?source=nspt
Lantic Granulated Sugar 2 kg,$3.39,No Description Available,https://digital.loblaws.ca/PCX/20145033_EA/en/1/5889125222_enfr_front_centre_marketing_GS1_Ecommerce_400.png,In-stock,Fruits & Vegetables,No Frills,https://www.nofrills.ca/en/granulated-sugar/p/20145033_EA?source=nspt
Bartlett Pears $6.59/1kg $2.99/1lb,$1.38,No Description Available,https://digital.loblaws.ca/PCX/20172240001_KG/en/1/20172240001_en_front_400.png,In-stock,Fruits & Vegetables,No Frills,https://www.nofrills.ca/en/bartlett-pears/p/20172240001_KG?source=nspt
Cantaloupe 1 ea,$2.99,No Description Available,https://digital.loblaws.ca/PCX/20167017001_EA/en/1/20167017001_en_front_400.png,In-stock,Fruits & Vegetables,No Frills,https://www.nofrills.ca/en/cantaloupe/p/20167017001_EA?source=nspt
